SET SQL_MODE = "NO_AUTO_VALUE_ON_ZERO";

/*!40101 SET @OLD_CHARACTER_SET_CLIENT=@@CHARACTER_SET_CLIENT */;
/*!40101 SET @OLD_CHARACTER_SET_RESULTS=@@CHARACTER_SET_RESULTS */;
/*!40101 SET @OLD_COLLATION_CONNECTION=@@COLLATION_CONNECTION */;
/*!40101 SET NAMES utf8mb4 */;

CREATE DATABASE IF NOT EXISTS bakersoft DEFAULT CHARACTER SET utf8mb4 COLLATE utf8mb4_0900_ai_ci;
USE bakersoft;

CREATE TABLE asignacionturnos (
  idAsignacion int NOT NULL,
  idEmpleado int NOT NULL,
  idTurno int NOT NULL,
  fecha date NOT NULL,
  estado enum('Asignado','Confirmado','Finalizado','Cancelado') NOT NULL DEFAULT 'Asignado',
  fechaAlta datetime NOT NULL DEFAULT CURRENT_TIMESTAMP,
  usuarioAlta int DEFAULT NULL
) ENGINE=InnoDB DEFAULT CHARSET=utf8mb4 COLLATE=utf8mb4_0900_ai_ci;

INSERT INTO asignacionturnos (idAsignacion, idEmpleado, idTurno, fecha, estado, fechaAlta, usuarioAlta) VALUES
(1, 11, 1, '2025-12-01', 'Finalizado', '2025-12-03 14:47:40', 0),
(3, 11, 1, '2025-12-03', 'Cancelado', '2025-12-02 16:07:15', 0),
(4, 12, 1, '2025-12-04', 'Asignado', '2025-12-03 14:54:20', 0),
(5, 11, 1, '2025-12-05', 'Confirmado', '2025-12-03 14:50:08', 0),
(6, 11, 1, '2025-12-06', 'Confirmado', '2025-12-03 14:47:21', 0),
(7, 11, 1, '2025-12-07', 'Confirmado', '2025-12-03 14:50:08', 0),
(8, 11, 3, '2025-12-14', 'Cancelado', '2025-12-04 13:39:23', 0),
(9, 11, 3, '2025-12-16', 'Asignado', '2025-12-04 13:39:23', 0),
(10, 11, 3, '2025-12-18', 'Asignado', '2025-12-04 13:39:23', 0);

CREATE TABLE categoriamp (
  idCatMP int NOT NULL,
  nombreCatMP varchar(50) NOT NULL
) ENGINE=InnoDB DEFAULT CHARSET=utf8mb4 COLLATE=utf8mb4_0900_ai_ci;

INSERT INTO categoriamp (idCatMP, nombreCatMP) VALUES
(1, 'Secos'),
(2, 'Humedos');

CREATE TABLE categoriaprod (
  idCatProd int NOT NULL,
  nombre varchar(100) NOT NULL
) ENGINE=InnoDB DEFAULT CHARSET=utf8mb4 COLLATE=utf8mb4_0900_ai_ci;

INSERT INTO categoriaprod (idCatProd, nombre) VALUES
(1, 'Panificados'),
(2, 'Pastelería'),
(3, 'Congelados');

CREATE TABLE clientes (
  id_cliente int NOT NULL,
  nombre varchar(100) NOT NULL,
  email varchar(50) NOT NULL,
  telefono varchar(20) NOT NULL,
  calle varchar(100) NOT NULL,
  altura int NOT NULL,
  provincia int NOT NULL,
  localidad int NOT NULL,
  estado varchar(20) NOT NULL DEFAULT 'Activo'
) ENGINE=InnoDB DEFAULT CHARSET=utf8mb4 COLLATE=utf8mb4_0900_ai_ci;

INSERT INTO clientes (id_cliente, nombre, email, telefono, calle, altura, provincia, localidad, estado) VALUES
(1, 'Faturita SA', 'fatura@gmail.com', '0351-2356479', 'Calle 1', 2541, 1, 1, 'Activo'),
(2, 'Diego', 'diego@digeo.com', '123456789', 'calle 1', 1234, 1, 1, 'Activo'),
(3, 'Jorge Rossia', 'jrossi@bna.com.ar', '43236695', 'Almafuerte', 2501, 1, 1, 'Activo'),
(4, 'Faturita SA', 'fatura@gmail.com', '0351-2356479', 'Calle 1', 2541, 1, 1, 'Activo'),
(5, 'Diego', 'diego@digeo.com', '123456789', 'calle 1', 1234, 1, 1, 'Activo'),
(6, 'Faturita SA', 'fatura@gmail.com', '0351-2356479', 'Calle 1', 2541, 1, 1, 'Activo');

CREATE TABLE detallepedido (
  idDetallePedido int NOT NULL,
  idPedido int NOT NULL,
  idMP int NOT NULL,
  cantidad int NOT NULL
) ENGINE=InnoDB DEFAULT CHARSET=utf8mb4 COLLATE=utf8mb4_0900_ai_ci;

INSERT INTO detallepedido (idDetallePedido, idPedido, idMP, cantidad) VALUES
(9, 8, 17, 20),
(10, 8, 23, 12),
(11, 9, 18, 40),
(12, 10, 17, 15),
(13, 11, 23, 50),
(14, 11, 17, 50),
(15, 11, 21, 20),
(16, 12, 17, 25),
(17, 13, 30, 20),
(18, 14, 22, 20),
(19, 14, 18, 100),
(20, 15, 17, 20),
(21, 15, 21, 10),
(22, 15, 23, 12),
(23, 16, 17, 10),
(24, 16, 21, 50),
(25, 16, 32, 30),
(26, 18, 34, 19),
(27, 18, 22, 28),
(28, 19, 32, 41),
(29, 20, 30, 26),
(30, 21, 17, 46),
(31, 21, 30, 23),
(32, 22, 17, 22),
(33, 22, 32, 30),
(34, 22, 34, 48),
(35, 22, 22, 20),
(36, 23, 17, 32),
(37, 23, 34, 7),
(38, 23, 30, 42),
(39, 23, 33, 16),
(40, 24, 18, 8),
(41, 25, 17, 48),
(42, 25, 34, 28),
(43, 25, 18, 20),
(44, 25, 22, 36),
(45, 26, 17, 5),
(46, 26, 34, 46),
(47, 26, 18, 7),
(48, 26, 30, 33),
(49, 27, 21, 10),
(50, 28, 17, 19),
(51, 28, 34, 40),
(52, 28, 30, 6),
(53, 29, 33, 20),
(54, 30, 17, 39),
(55, 30, 32, 19),
(56, 31, 17, 48),
(57, 31, 21, 20),
(58, 31, 22, 29),
(59, 32, 21, 21),
(60, 32, 34, 30),
(61, 32, 18, 47),
(62, 33, 17, 27),
(63, 33, 21, 36),
(64, 33, 18, 15),
(65, 33, 33, 22),
(66, 34, 17, 16),
(67, 34, 32, 8),
(68, 34, 33, 49),
(69, 35, 21, 36),
(70, 35, 22, 23),
(71, 35, 33, 8),
(72, 36, 34, 16),
(73, 37, 21, 41),
(74, 37, 23, 46),
(75, 37, 34, 5),
(76, 38, 17, 15),
(77, 38, 21, 34),
(78, 38, 23, 19),
(79, 38, 30, 14),
(80, 39, 17, 25),
(81, 39, 32, 27),
(82, 39, 34, 18),
(83, 39, 33, 27),
(84, 40, 33, 20),
(85, 41, 17, 46),
(86, 41, 21, 26),
(87, 41, 22, 38),
(88, 41, 33, 17),
(89, 42, 17, 26),
(90, 42, 23, 18),
(91, 42, 34, 13),
(92, 43, 17, 24),
(93, 43, 32, 23),
(94, 43, 33, 26),
(95, 44, 23, 39),
(96, 44, 18, 35),
(97, 44, 22, 24),
(98, 45, 32, 39),
(99, 45, 34, 13),
(100, 45, 30, 32),
(101, 46, 17, 49),
(102, 46, 21, 22),
(103, 46, 30, 21),
(104, 46, 33, 11),
(105, 47, 23, 34),
(106, 47, 30, 7),
(107, 48, 17, 31),
(108, 48, 21, 37),
(109, 48, 34, 23),
(110, 49, 21, 43),
(111, 50, 21, 18),
(112, 50, 34, 31),
(113, 51, 17, 12),
(114, 51, 34, 26),
(115, 51, 22, 45),
(116, 51, 33, 30),
(117, 52, 34, 10),
(118, 53, 22, 20),
(119, 53, 33, 37),
(120, 54, 17, 26),
(121, 54, 21, 36),
(122, 55, 23, 32),
(123, 55, 32, 29),
(124, 55, 34, 24),
(125, 55, 22, 26),
(126, 56, 22, 9),
(127, 57, 17, 47),
(128, 58, 34, 45),
(129, 58, 22, 27),
(130, 59, 17, 36),
(131, 59, 21, 42),
(132, 59, 23, 18),
(133, 59, 33, 27),
(134, 60, 17, 6),
(135, 61, 21, 42),
(136, 62, 21, 29),
(137, 62, 32, 21),
(138, 62, 34, 12),
(139, 63, 32, 44),
(140, 63, 34, 31),
(141, 63, 33, 34),
(142, 64, 23, 32),
(143, 64, 22, 26),
(144, 65, 32, 44),
(145, 65, 34, 6),
(146, 65, 33, 32),
(147, 66, 17, 26),
(148, 66, 21, 6),
(149, 66, 23, 30),
(150, 66, 32, 19),
(151, 67, 17, 24),
(152, 67, 21, 9),
(153, 67, 32, 22),
(154, 67, 34, 40),
(155, 68, 32, 48),
(156, 68, 33, 40),
(157, 69, 17, 49),
(158, 70, 21, 21),
(159, 70, 23, 9),
(160, 70, 32, 50),
(161, 70, 33, 42),
(162, 71, 17, 48),
(163, 71, 21, 24),
(164, 71, 23, 22),
(165, 71, 30, 14),
(166, 72, 17, 22),
(167, 72, 34, 5),
(168, 72, 22, 9),
(169, 72, 30, 22),
(170, 73, 34, 10),
(171, 74, 22, 37),
(172, 75, 17, 31),
(173, 75, 23, 10),
(174, 75, 32, 47),
(175, 76, 17, 20),
(176, 76, 34, 19),
(177, 76, 22, 28),
(178, 77, 21, 37),
(179, 77, 33, 28),
(180, 78, 21, 8),
(181, 78, 23, 29),
(182, 78, 34, 49),
(183, 78, 18, 18),
(184, 79, 17, 13),
(185, 79, 23, 45),
(186, 79, 18, 30),
(187, 80, 21, 20),
(188, 80, 23, 9),
(189, 81, 23, 44),
(190, 81, 22, 42),
(191, 82, 23, 45),
(192, 82, 18, 22),
(193, 82, 22, 14),
(194, 82, 30, 12),
(195, 83, 23, 47),
(196, 84, 23, 26),
(197, 85, 23, 41),
(198, 85, 18, 49),
(199, 85, 22, 29),
(200, 85, 30, 9),
(201, 86, 23, 43),
(202, 86, 34, 33),
(203, 86, 18, 30),
(204, 86, 30, 5),
(205, 87, 32, 18),
(206, 88, 34, 50),
(207, 89, 21, 30),
(208, 89, 23, 18),
(209, 89, 30, 21),
(210, 90, 23, 8),
(211, 90, 22, 42),
(212, 91, 21, 45),
(213, 91, 18, 50),
(214, 91, 22, 17),
(215, 91, 30, 30),
(216, 92, 21, 44),
(217, 92, 34, 5),
(218, 92, 22, 11),
(219, 92, 33, 16),
(220, 93, 34, 37),
(221, 93, 22, 35),
(222, 93, 30, 15),
(223, 94, 23, 30),
(224, 95, 32, 46),
(225, 95, 30, 15),
(226, 95, 33, 27),
(227, 96, 17, 26),
(228, 96, 33, 10),
(229, 97, 21, 47),
(230, 97, 32, 38),
(231, 97, 18, 41),
(232, 97, 33, 48),
(233, 98, 17, 24),
(234, 98, 23, 46),
(235, 98, 18, 15),
(236, 99, 34, 35),
(237, 100, 21, 41),
(238, 100, 32, 13),
(239, 101, 32, 12),
(240, 101, 18, 26),
(241, 101, 22, 49),
(242, 102, 23, 50),
(243, 102, 34, 40),
(244, 103, 21, 39),
(245, 103, 18, 35),
(246, 103, 33, 27),
(247, 104, 32, 30),
(248, 104, 34, 29),
(249, 104, 18, 15),
(250, 104, 22, 43),
(251, 105, 32, 41),
(252, 105, 22, 12),
(253, 106, 18, 41),
(254, 107, 32, 19),
(255, 107, 22, 17),
(256, 107, 30, 31),
(257, 107, 33, 40),
(258, 108, 23, 15),
(259, 109, 17, 36),
(260, 109, 23, 44),
(261, 109, 22, 40),
(262, 109, 33, 30),
(263, 110, 21, 38),
(264, 110, 33, 6),
(265, 111, 18, 41),
(266, 111, 30, 26),
(267, 112, 33, 33),
(268, 113, 17, 33),
(269, 113, 22, 37),
(270, 114, 32, 19),
(271, 114, 34, 20),
(272, 114, 30, 11),
(273, 114, 33, 29),
(274, 115, 32, 18),
(275, 115, 18, 27),
(276, 115, 30, 30),
(277, 116, 23, 35),
(278, 116, 33, 30),
(279, 117, 21, 31),
(280, 117, 32, 43),
(281, 117, 34, 44),
(282, 118, 17, 50),
(283, 118, 23, 20),
(284, 118, 34, 20),
(285, 119, 37, 4),
(286, 119, 30, 20),
(287, 120, 23, 12),
(288, 121, 39, 10),
(289, 121, 21, 20),
(290, 122, 39, 10),
(291, 122, 32, 20),
(292, 123, 39, 25);

CREATE TABLE detallepedidoventa (
  idDetallePedidoVenta int NOT NULL,
  idPedidoVenta int NOT NULL,
  idProducto int NOT NULL,
  cantidad decimal(10,2) NOT NULL,
  precioUnitario decimal(10,2) NOT NULL,
  subtotal decimal(10,2) NOT NULL
) ENGINE=InnoDB DEFAULT CHARSET=utf8mb4 COLLATE=utf8mb4_0900_ai_ci;

INSERT INTO detallepedidoventa (idDetallePedidoVenta, idPedidoVenta, idProducto, cantidad, precioUnitario, subtotal) VALUES
(18, 6, 2, 20.00, 1800.00, 36000.00);

CREATE TABLE detalleproducto (
  idDetalleProducto int NOT NULL,
  idProducto int NOT NULL,
  idMP int NOT NULL,
  cantidad decimal(10,3) UNSIGNED NOT NULL,
  merma decimal(5,2) UNSIGNED DEFAULT NULL
) ENGINE=InnoDB DEFAULT CHARSET=utf8mb4 COLLATE=utf8mb4_0900_ai_ci;

INSERT INTO detalleproducto (idDetalleProducto, idProducto, idMP, cantidad, merma) VALUES
(1, 1, 18, 10.000, 10.00),
(2, 1, 21, 10.000, 10.00),
(3, 1, 17, 5.000, 10.00),
(31, 4, 18, 10.000, NULL),
(32, 3, 18, 10.000, NULL),
(33, 6, 18, 1.000, NULL),
(34, 6, 21, 0.500, NULL),
(35, 6, 39, 0.500, NULL),
(36, 6, 30, 0.350, NULL),
(37, 5, 30, 1.000, NULL),
(38, 5, 18, 10.000, NULL),
(39, 5, 23, 6.000, NULL),
(40, 7, 18, 1.000, NULL),
(41, 7, 30, 1.000, NULL),
(42, 7, 43, 0.500, NULL),
(43, 7, 23, 6.000, NULL),
(44, 2, 23, 12.000, NULL),
(45, 2, 32, 5.000, NULL),
(46, 2, 33, 5.000, NULL);

CREATE TABLE detalle_licencia (
  id_detalle int NOT NULL,
  id_licencia int NOT NULL,
  fecha_inicio date NOT NULL,
  fecha_fin date NOT NULL,
  cantidad_dias int NOT NULL
) ENGINE=InnoDB DEFAULT CHARSET=utf8mb4 COLLATE=utf8mb4_0900_ai_ci;

INSERT INTO detalle_licencia (id_detalle, id_licencia, fecha_inicio, fecha_fin, cantidad_dias) VALUES
(18, 18, '2026-01-01', '2026-02-19', 50),
(19, 19, '2025-12-01', '2025-12-05', 5),
(20, 20, '2025-12-08', '2026-01-11', 35),
(21, 21, '2026-01-01', '2026-01-30', 30),
(22, 22, '2025-11-14', '2025-11-18', 5),
(23, 23, '2025-11-24', '2025-12-02', 9),
(24, 24, '2026-02-09', '2026-02-13', 5);

CREATE TABLE empleados (
  id_empleado int NOT NULL,
  nombre varchar(100) NOT NULL,
  apellido varchar(100) NOT NULL,
  sexo enum('Masculino','Femenino','Otro','Prefiero no decir') DEFAULT NULL,
  id_estado_civil int DEFAULT NULL,
  fecha_nac date DEFAULT NULL,
  dni varchar(15) NOT NULL,
  cuil varchar(11) DEFAULT NULL,
  legajo varchar(20) DEFAULT NULL,
  email varchar(100) DEFAULT NULL,
  telefono varchar(20) DEFAULT NULL,
  direccion varchar(150) DEFAULT NULL,
  provincia int NOT NULL,
  localidad int NOT NULL,
  fecha_ingreso date NOT NULL,
  id_puesto int DEFAULT NULL,
  estado enum('Activo','Inactivo') NOT NULL DEFAULT 'Activo',
  eliminado tinyint(1) NOT NULL DEFAULT '0',
  fecha_baja datetime DEFAULT NULL,
  usuario_id int DEFAULT NULL
) ENGINE=InnoDB DEFAULT CHARSET=utf8mb4 COLLATE=utf8mb4_0900_ai_ci;

INSERT INTO empleados (id_empleado, nombre, apellido, sexo, id_estado_civil, fecha_nac, dni, cuil, legajo, email, telefono, direccion, provincia, localidad, fecha_ingreso, id_puesto, estado, eliminado, fecha_baja, usuario_id) VALUES
(8, 'Diego', 'Baldomir', 'Masculino', 1, '1998-02-25', '28679193', '27286791930', '1234', 'diego@gmail.com', '12345678', 'asdf', 1, 6, '2025-09-23', 3, 'Activo', 0, NULL, 4),
(9, 'Juan', 'Gomez', 'Masculino', 5, '2008-05-21', '24858996', '20248589965', '2536', 'juan@gmail.com', '46858225', 'Bla 123', 1, 10, '2025-09-17', 9, 'Activo', 0, NULL, 25),
(10, 'Facundo', 'Baldomir', 'Masculino', NULL, '2014-12-22', '54455740', '27544557403', '1325', 'facu@gmail.com', '42523363', 'Casablanca 1725', 2, 154, '2025-09-24', 1, 'Activo', 0, NULL, 26),
(11, 'Maria', 'Lopez', 'Femenino', 2, '1965-10-20', '16454878', '27164548785', '0469', 'mlopez@gmail.com', '0351-525669', 'Otamendi 1234', 7, 608, '2013-04-08', 5, 'Activo', 0, NULL, 28),
(12, 'Beatriz', 'Sanchez', 'Femenino', NULL, '1974-11-19', '19252369', '27192523694', '0621', 'beatriz@gmail.com', '0351-693214', 'Juarez 1524', 7, 495, '2014-08-04', 5, 'Activo', 0, NULL, NULL),
(14, 'Mónica', 'Gutierrez', 'Femenino', 3, '1972-03-15', '18754369', '27187543692', '1247', 'monica@gmail.com', '0242-365789', 'Catamarca 1258', 4, 360, '2008-11-30', 5, 'Activo', 0, NULL, NULL),
(15, 'Mariana', 'Lopez', 'Femenino', 1, '1979-05-13', '26821541', '27268215412', '1324', 'mariana@gmail.com', '43236658', 'Alberdi 2365', 2, 151, '2008-07-14', 5, 'Activo', 0, NULL, NULL),
(16, 'Claudia', 'Gomez', 'Femenino', 1, '2004-03-09', '12345678', '27123456782', '0123', 'cgomez@gmail.com', '42153698', 'Olguin 1376', 2, 147, '2025-10-01', 5, 'Inactivo', 0, NULL, NULL),
(17, 'Adrian', 'Paldaof', 'Masculino', 1, '1994-03-21', '12345679', '27123456795', '2579', 'adrian@gmail.com', '0351-15326987', 'Calle 24 1689', 7, 657, '2022-08-15', 1, 'Activo', 0, NULL, 5);

CREATE TABLE estadospedidos (
  codEstado int NOT NULL,
  descEstado varchar(50) NOT NULL
) ENGINE=InnoDB DEFAULT CHARSET=utf8mb4 COLLATE=utf8mb4_0900_ai_ci;

INSERT INTO estadospedidos (codEstado, descEstado) VALUES
(10, 'Registrado'),
(20, 'En Evaluación'),
(30, 'Aprobada'),
(40, 'Rechazada'),
(50, 'Recibida'),
(60, 'Cancelado'),
(70, 'Generado'),
(80, 'Confirmado'),
(90, 'Preparado'),
(100, 'Entregado');

CREATE TABLE estados_licencia (
  id_estado int NOT NULL,
  nombre enum('Nueva','Pendiente de envío','Pendiente de aprobación','Cancelada','Aprobada','Rechazada') NOT NULL
) ENGINE=InnoDB DEFAULT CHARSET=utf8mb4 COLLATE=utf8mb4_0900_ai_ci;

INSERT INTO estados_licencia (id_estado, nombre) VALUES
(1, 'Nueva'),
(2, 'Pendiente de envío'),
(3, 'Pendiente de aprobación'),
(4, 'Cancelada'),
(5, 'Aprobada'),
(6, 'Rechazada');

CREATE TABLE estado_civil (
  id_estado_civil int NOT NULL,
  descripcion varchar(50) NOT NULL
) ENGINE=InnoDB DEFAULT CHARSET=utf8mb4 COLLATE=utf8mb4_0900_ai_ci;

INSERT INTO estado_civil (id_estado_civil, descripcion) VALUES
(2, 'Casado/a'),
(3, 'Divorciado/a'),
(1, 'Soltero/a'),
(5, 'Unión convivencial'),
(4, 'Viudo/a');

CREATE TABLE licencia (
  id_licencia int NOT NULL,
  id_empleado int NOT NULL,
  id_tipo int NOT NULL,
  id_estado int NOT NULL,
  fecha_solicitud datetime NOT NULL DEFAULT CURRENT_TIMESTAMP,
  fecha_envio datetime DEFAULT NULL,
  fecha_resolucion datetime DEFAULT NULL,
  observaciones varchar(200) DEFAULT NULL,
  motivo_rechazo varchar(200) DEFAULT NULL,
  usuario_creacion int DEFAULT NULL,
  usuario_resolucion int DEFAULT NULL
) ENGINE=InnoDB DEFAULT CHARSET=utf8mb4 COLLATE=utf8mb4_0900_ai_ci;

INSERT INTO licencia (id_licencia, id_empleado, id_tipo, id_estado, fecha_solicitud, fecha_envio, fecha_resolucion, observaciones, motivo_rechazo, usuario_creacion, usuario_resolucion) VALUES
(18, 11, 1, 4, '2025-10-30 10:54:12', NULL, NULL, 'Licencia por vacaciones', NULL, NULL, NULL),
(19, 11, 1, 5, '2025-11-01 16:06:22', '2025-11-01 19:06:22', NULL, 'Licencia por vacaciones', NULL, NULL, NULL),
(20, 11, 5, 4, '2025-11-12 13:02:28', '2025-11-12 16:02:28', NULL, NULL, NULL, NULL, NULL),
(21, 11, 1, 4, '2025-11-13 11:31:20', '2025-11-13 14:31:20', NULL, NULL, NULL, NULL, NULL),
(22, 11, 1, 5, '2025-11-13 11:35:17', '2025-11-13 14:35:17', NULL, NULL, NULL, NULL, NULL),
(23, 11, 1, 5, '2025-11-13 14:18:33', '2025-11-13 14:19:04', NULL, NULL, NULL, NULL, NULL),
(24, 11, 1, 5, '2025-11-13 14:21:08', '2025-11-13 17:21:08', NULL, NULL, NULL, NULL, NULL);

CREATE TABLE licencia_cambios (
  id_cambio int NOT NULL,
  id_licencia int NOT NULL,
  id_empleado int NOT NULL,
  campo varchar(40) NOT NULL,
  valor_anterior varchar(255) DEFAULT NULL,
  valor_nuevo varchar(255) DEFAULT NULL,
  fecha_cambio datetime NOT NULL DEFAULT CURRENT_TIMESTAMP
) ENGINE=MyISAM DEFAULT CHARSET=utf8mb4 COLLATE=utf8mb4_0900_ai_ci;

INSERT INTO licencia_cambios (id_cambio, id_licencia, id_empleado, campo, valor_anterior, valor_nuevo, fecha_cambio) VALUES
(6, 23, 11, 'cantidad_dias', '5', '9', '2025-11-13 14:18:51'),
(5, 23, 11, 'fecha_fin', '2025-11-28', '2025-12-02', '2025-11-13 14:18:51');

CREATE TABLE licencia_politicas_global (
  id_tipo int NOT NULL,
  dias_max_anio int NOT NULL
) ENGINE=MyISAM DEFAULT CHARSET=utf8mb4 COLLATE=utf8mb4_0900_ai_ci;

INSERT INTO licencia_politicas_global (id_tipo, dias_max_anio) VALUES
(9, 3),
(8, 10),
(7, 10),
(6, 2),
(5, 90),
(4, 9999),
(3, 180),
(2, 90),
(1, 9999),
(10, 1),
(11, 10),
(12, 1),
(13, 1),
(14, 2),
(15, 2),
(16, 9999),
(17, 0);

CREATE TABLE localidades (
  id_localidad int NOT NULL,
  id_provincia int NOT NULL,
  localidad varchar(255) NOT NULL
) ENGINE=InnoDB DEFAULT CHARSET=latin1;

INSERT INTO localidades (id_localidad, id_provincia, localidad) VALUES
(1, 1, '25 de Mayo'),
(2, 1, '3 de febrero'),
(3, 1, 'A. Alsina'),
(4, 1, 'A. Gonzáles Cháves'),
(5, 1, 'Aguas Verdes'),
(6, 1, 'Alberti'),
(7, 1, 'Arrecifes'),
(8, 1, 'Ayacucho'),
(9, 1, 'Azul'),
(10, 1, 'Bahía Blanca'),
(11, 1, 'Balcarce'),
(12, 1, 'Baradero'),
(13, 1, 'Benito Juárez'),
(14, 1, 'Berisso'),
(15, 1, 'Bolívar'),
(16, 1, 'Bragado'),
(17, 1, 'Brandsen'),
(18, 1, 'Campana'),
(19, 1, 'Cañuelas'),
(20, 1, 'Capilla del Señor'),
(21, 1, 'Capitán Sarmiento'),
(22, 1, 'Carapachay'),
(23, 1, 'Carhue'),
(24, 1, 'Cariló'),
(25, 1, 'Carlos Casares'),
(26, 1, 'Carlos Tejedor'),
(27, 1, 'Carmen de Areco'),
(28, 1, 'Carmen de Patagones'),
(29, 1, 'Castelli'),
(30, 1, 'Chacabuco'),
(31, 1, 'Chascomús'),
(32, 1, 'Chivilcoy'),
(33, 1, 'Colón'),
(34, 1, 'Coronel Dorrego'),
(35, 1, 'Coronel Pringles'),
(36, 1, 'Coronel Rosales'),
(37, 1, 'Coronel Suarez'),
(38, 1, 'Costa Azul'),
(39, 1, 'Costa Chica'),
(40, 1, 'Costa del Este'),
(41, 1, 'Costa Esmeralda'),
(42, 1, 'Daireaux'),
(43, 1, 'Darregueira'),
(44, 1, 'Del Viso'),
(45, 1, 'Dolores'),
(46, 1, 'Don Torcuato'),
(47, 1, 'Ensenada'),
(48, 1, 'Escobar'),
(49, 1, 'Exaltación de la Cruz'),
(50, 1, 'Florentino Ameghino'),
(51, 1, 'Garín'),
(52, 1, 'Gral. Alvarado'),
(53, 1, 'Gral. Alvear'),
(54, 1, 'Gral. Arenales'),
(55, 1, 'Gral. Belgrano'),
(56, 1, 'Gral. Guido'),
(57, 1, 'Gral. Lamadrid'),
(58, 1, 'Gral. Las Heras'),
(59, 1, 'Gral. Lavalle'),
(60, 1, 'Gral. Madariaga'),
(61, 1, 'Gral. Pacheco'),
(62, 1, 'Gral. Paz'),
(63, 1, 'Gral. Pinto'),
(64, 1, 'Gral. Pueyrredón'),
(65, 1, 'Gral. Rodríguez'),
(66, 1, 'Gral. Viamonte'),
(67, 1, 'Gral. Villegas'),
(68, 1, 'Guaminí'),
(69, 1, 'Guernica'),
(70, 1, 'Hipólito Yrigoyen'),
(71, 1, 'Ing. Maschwitz'),
(72, 1, 'Junín'),
(73, 1, 'La Plata'),
(74, 1, 'Laprida'),
(75, 1, 'Las Flores'),
(76, 1, 'Las Toninas'),
(77, 1, 'Leandro N. Alem'),
(78, 1, 'Lincoln'),
(79, 1, 'Loberia'),
(80, 1, 'Lobos'),
(81, 1, 'Los Cardales'),
(82, 1, 'Los Toldos'),
(83, 1, 'Lucila del Mar'),
(84, 1, 'Luján'),
(85, 1, 'Magdalena'),
(86, 1, 'Maipú'),
(87, 1, 'Mar Chiquita'),
(88, 1, 'Mar de Ajó'),
(89, 1, 'Mar de las Pampas'),
(90, 1, 'Mar del Plata'),
(91, 1, 'Mar del Tuyú'),
(92, 1, 'Marcos Paz'),
(93, 1, 'Mercedes'),
(94, 1, 'Miramar'),
(95, 1, 'Monte'),
(96, 1, 'Monte Hermoso'),
(97, 1, 'Munro'),
(98, 1, 'Navarro'),
(99, 1, 'Necochea'),
(100, 1, 'Olavarría'),
(101, 1, 'Partido de la Costa'),
(102, 1, 'Pehuajó'),
(103, 1, 'Pellegrini'),
(104, 1, 'Pergamino'),
(105, 1, 'Pigüé'),
(106, 1, 'Pila'),
(107, 1, 'Pilar'),
(108, 1, 'Pinamar'),
(109, 1, 'Pinar del Sol'),
(110, 1, 'Polvorines'),
(111, 1, 'Pte. Perón'),
(112, 1, 'Puán'),
(113, 1, 'Punta Indio'),
(114, 1, 'Ramallo'),
(115, 1, 'Rauch'),
(116, 1, 'Rivadavia'),
(117, 1, 'Rojas'),
(118, 1, 'Roque Pérez'),
(119, 1, 'Saavedra'),
(120, 1, 'Saladillo'),
(121, 1, 'Salliqueló'),
(122, 1, 'Salto'),
(123, 1, 'San Andrés de Giles'),
(124, 1, 'San Antonio de Areco'),
(125, 1, 'San Antonio de Padua'),
(126, 1, 'San Bernardo'),
(127, 1, 'San Cayetano'),
(128, 1, 'San Clemente del Tuyú'),
(129, 1, 'San Nicolás'),
(130, 1, 'San Pedro'),
(131, 1, 'San Vicente'),
(132, 1, 'Santa Teresita'),
(133, 1, 'Suipacha'),
(134, 1, 'Tandil'),
(135, 1, 'Tapalqué'),
(136, 1, 'Tordillo'),
(137, 1, 'Tornquist'),
(138, 1, 'Trenque Lauquen'),
(139, 1, 'Tres Lomas'),
(140, 1, 'Villa Gesell'),
(141, 1, 'Villarino'),
(142, 1, 'Zárate'),
(143, 2, '11 de Septiembre'),
(144, 2, '20 de Junio'),
(145, 2, '25 de Mayo'),
(146, 2, 'Acassuso'),
(147, 2, 'Adrogué'),
(148, 2, 'Aldo Bonzi'),
(149, 2, 'Área Reserva Cinturón Ecológico'),
(150, 2, 'Avellaneda'),
(151, 2, 'Banfield'),
(152, 2, 'Barrio Parque'),
(153, 2, 'Barrio Santa Teresita'),
(154, 2, 'Beccar'),
(155, 2, 'Bella Vista'),
(156, 2, 'Berazategui'),
(157, 2, 'Bernal Este'),
(158, 2, 'Bernal Oeste'),
(159, 2, 'Billinghurst'),
(160, 2, 'Boulogne'),
(161, 2, 'Burzaco'),
(162, 2, 'Carapachay'),
(163, 2, 'Caseros'),
(164, 2, 'Castelar'),
(165, 2, 'Churruca'),
(166, 2, 'Ciudad Evita'),
(167, 2, 'Ciudad Madero'),
(168, 2, 'Ciudadela'),
(169, 2, 'Claypole'),
(170, 2, 'Crucecita'),
(171, 2, 'Dock Sud'),
(172, 2, 'Don Bosco'),
(173, 2, 'Don Orione'),
(174, 2, 'El Jagüel'),
(175, 2, 'El Libertador'),
(176, 2, 'El Palomar'),
(177, 2, 'El Tala'),
(178, 2, 'El Trébol'),
(179, 2, 'Ezeiza'),
(180, 2, 'Ezpeleta'),
(181, 2, 'Florencio Varela'),
(182, 2, 'Florida'),
(183, 2, 'Francisco Álvarez'),
(184, 2, 'Gerli'),
(185, 2, 'Glew'),
(186, 2, 'González Catán'),
(187, 2, 'Gral. Lamadrid'),
(188, 2, 'Grand Bourg'),
(189, 2, 'Gregorio de Laferrere'),
(190, 2, 'Guillermo Enrique Hudson'),
(191, 2, 'Haedo'),
(192, 2, 'Hurlingham'),
(193, 2, 'Ing. Sourdeaux'),
(194, 2, 'Isidro Casanova'),
(195, 2, 'Ituzaingó'),
(196, 2, 'José C. Paz'),
(197, 2, 'José Ingenieros'),
(198, 2, 'José Marmol'),
(199, 2, 'La Lucila'),
(200, 2, 'La Reja'),
(201, 2, 'La Tablada'),
(202, 2, 'Lanús'),
(203, 2, 'Llavallol'),
(204, 2, 'Loma Hermosa'),
(205, 2, 'Lomas de Zamora'),
(206, 2, 'Lomas del Millón'),
(207, 2, 'Lomas del Mirador'),
(208, 2, 'Longchamps'),
(209, 2, 'Los Polvorines'),
(210, 2, 'Luis Guillón'),
(211, 2, 'Malvinas Argentinas'),
(212, 2, 'Martín Coronado'),
(213, 2, 'Martínez'),
(214, 2, 'Merlo'),
(215, 2, 'Ministro Rivadavia'),
(216, 2, 'Monte Chingolo'),
(217, 2, 'Monte Grande'),
(218, 2, 'Moreno'),
(219, 2, 'Morón'),
(220, 2, 'Muñiz'),
(221, 2, 'Olivos'),
(222, 2, 'Pablo Nogués'),
(223, 2, 'Pablo Podestá'),
(224, 2, 'Paso del Rey'),
(225, 2, 'Pereyra'),
(226, 2, 'Piñeiro'),
(227, 2, 'Plátanos'),
(228, 2, 'Pontevedra'),
(229, 2, 'Quilmes'),
(230, 2, 'Rafael Calzada'),
(231, 2, 'Rafael Castillo'),
(232, 2, 'Ramos Mejía'),
(233, 2, 'Ranelagh'),
(234, 2, 'Remedios de Escalada'),
(235, 2, 'Sáenz Peña'),
(236, 2, 'San Antonio de Padua'),
(237, 2, 'San Fernando'),
(238, 2, 'San Francisco Solano'),
(239, 2, 'San Isidro'),
(240, 2, 'San José'),
(241, 2, 'San Justo'),
(242, 2, 'San Martín'),
(243, 2, 'San Miguel'),
(244, 2, 'Santos Lugares'),
(245, 2, 'Sarandí'),
(246, 2, 'Sourigues'),
(247, 2, 'Tapiales'),
(248, 2, 'Temperley'),
(249, 2, 'Tigre'),
(250, 2, 'Tortuguitas'),
(251, 2, 'Tristán Suárez'),
(252, 2, 'Trujui'),
(253, 2, 'Turdera'),
(254, 2, 'Valentín Alsina'),
(255, 2, 'Vicente López'),
(256, 2, 'Villa Adelina'),
(257, 2, 'Villa Ballester'),
(258, 2, 'Villa Bosch'),
(259, 2, 'Villa Caraza'),
(260, 2, 'Villa Celina'),
(261, 2, 'Villa Centenario'),
(262, 2, 'Villa de Mayo'),
(263, 2, 'Villa Diamante'),
(264, 2, 'Villa Domínico'),
(265, 2, 'Villa España'),
(266, 2, 'Villa Fiorito'),
(267, 2, 'Villa Guillermina'),
(268, 2, 'Villa Insuperable'),
(269, 2, 'Villa José León Suárez'),
(270, 2, 'Villa La Florida'),
(271, 2, 'Villa Luzuriaga'),
(272, 2, 'Villa Martelli'),
(273, 2, 'Villa Obrera'),
(274, 2, 'Villa Progreso'),
(275, 2, 'Villa Raffo'),
(276, 2, 'Villa Sarmiento'),
(277, 2, 'Villa Tesei'),
(278, 2, 'Villa Udaondo'),
(279, 2, 'Virrey del Pino'),
(280, 2, 'Wilde'),
(281, 2, 'William Morris'),
(282, 3, 'Agronomía'),
(283, 3, 'Almagro'),
(284, 3, 'Balvanera'),
(285, 3, 'Barracas'),
(286, 3, 'Belgrano'),
(287, 3, 'Boca'),
(288, 3, 'Boedo'),
(289, 3, 'Caballito'),
(290, 3, 'Chacarita'),
(291, 3, 'Coghlan'),
(292, 3, 'Colegiales'),
(293, 3, 'Constitución'),
(294, 3, 'Flores'),
(295, 3, 'Floresta'),
(296, 3, 'La Paternal'),
(297, 3, 'Liniers'),
(298, 3, 'Mataderos'),
(299, 3, 'Monserrat'),
(300, 3, 'Monte Castro'),
(301, 3, 'Nueva Pompeya'),
(302, 3, 'Núñez'),
(303, 3, 'Palermo'),
(304, 3, 'Parque Avellaneda'),
(305, 3, 'Parque Chacabuco'),
(306, 3, 'Parque Chas'),
(307, 3, 'Parque Patricios'),
(308, 3, 'Puerto Madero'),
(309, 3, 'Recoleta'),
(310, 3, 'Retiro'),
(311, 3, 'Saavedra'),
(312, 3, 'San Cristóbal'),
(313, 3, 'San Nicolás'),
(314, 3, 'San Telmo'),
(315, 3, 'Vélez Sársfield'),
(316, 3, 'Versalles'),
(317, 3, 'Villa Crespo'),
(318, 3, 'Villa del Parque'),
(319, 3, 'Villa Devoto'),
(320, 3, 'Villa Gral. Mitre'),
(321, 3, 'Villa Lugano'),
(322, 3, 'Villa Luro'),
(323, 3, 'Villa Ortúzar'),
(324, 3, 'Villa Pueyrredón'),
(325, 3, 'Villa Real'),
(326, 3, 'Villa Riachuelo'),
(327, 3, 'Villa Santa Rita'),
(328, 3, 'Villa Soldati'),
(329, 3, 'Villa Urquiza'),
(330, 4, 'Aconquija'),
(331, 4, 'Ancasti'),
(332, 4, 'Andalgalá'),
(333, 4, 'Antofagasta'),
(334, 4, 'Belén'),
(335, 4, 'Capayán'),
(336, 4, 'Capital'),
(337, 4, '4'),
(338, 4, 'Corral Quemado'),
(339, 4, 'El Alto'),
(340, 4, 'El Rodeo'),
(341, 4, 'F.Mamerto Esquiú'),
(342, 4, 'Fiambalá'),
(343, 4, 'Hualfín'),
(344, 4, 'Huillapima'),
(345, 4, 'Icaño'),
(346, 4, 'La Puerta'),
(347, 4, 'Las Juntas'),
(348, 4, 'Londres'),
(349, 4, 'Los Altos'),
(350, 4, 'Los Varela'),
(351, 4, 'Mutquín'),
(352, 4, 'Paclín'),
(353, 4, 'Poman'),
(354, 4, 'Pozo de La Piedra'),
(355, 4, 'Puerta de Corral'),
(356, 4, 'Puerta San José'),
(357, 4, 'Recreo'),
(358, 4, 'S.F.V de 4'),
(359, 4, 'San Fernando'),
(360, 4, 'San Fernando del Valle'),
(361, 4, 'San José'),
(362, 4, 'Santa María'),
(363, 4, 'Santa Rosa'),
(364, 4, 'Saujil'),
(365, 4, 'Tapso'),
(366, 4, 'Tinogasta'),
(367, 4, 'Valle Viejo'),
(368, 4, 'Villa Vil'),
(369, 5, 'Aviá Teraí'),
(370, 5, 'Barranqueras'),
(371, 5, 'Basail'),
(372, 5, 'Campo Largo'),
(373, 5, 'Capital'),
(374, 5, 'Capitán Solari'),
(375, 5, 'Charadai'),
(376, 5, 'Charata'),
(377, 5, 'Chorotis'),
(378, 5, 'Ciervo Petiso'),
(379, 5, 'Cnel. Du Graty'),
(380, 5, 'Col. Benítez'),
(381, 5, 'Col. Elisa'),
(382, 5, 'Col. Popular'),
(383, 5, 'Colonias Unidas'),
(384, 5, 'Concepción'),
(385, 5, 'Corzuela'),
(386, 5, 'Cote Lai'),
(387, 5, 'El Sauzalito'),
(388, 5, 'Enrique Urien'),
(389, 5, 'Fontana'),
(390, 5, 'Fte. Esperanza'),
(391, 5, 'Gancedo'),
(392, 5, 'Gral. Capdevila'),
(393, 5, 'Gral. Pinero'),
(394, 5, 'Gral. San Martín'),
(395, 5, 'Gral. Vedia'),
(396, 5, 'Hermoso Campo'),
(397, 5, 'I. del Cerrito'),
(398, 5, 'J.J. Castelli'),
(399, 5, 'La Clotilde'),
(400, 5, 'La Eduvigis'),
(401, 5, 'La Escondida'),
(402, 5, 'La Leonesa'),
(403, 5, 'La Tigra'),
(404, 5, 'La Verde'),
(405, 5, 'Laguna Blanca'),
(406, 5, 'Laguna Limpia'),
(407, 5, 'Lapachito'),
(408, 5, 'Las Breñas'),
(409, 5, 'Las Garcitas'),
(410, 5, 'Las Palmas'),
(411, 5, 'Los Frentones'),
(412, 5, 'Machagai'),
(413, 5, 'Makallé'),
(414, 5, 'Margarita Belén'),
(415, 5, 'Miraflores'),
(416, 5, 'Misión N. Pompeya'),
(417, 5, 'Napenay'),
(418, 5, 'Pampa Almirón'),
(419, 5, 'Pampa del Indio'),
(420, 5, 'Pampa del Infierno'),
(421, 5, 'Pdcia. de La Plaza'),
(422, 5, 'Pdcia. Roca'),
(423, 5, 'Pdcia. Roque Sáenz Peña'),
(424, 5, 'Pto. Bermejo'),
(425, 5, 'Pto. Eva Perón'),
(426, 5, 'Puero Tirol'),
(427, 5, 'Puerto Vilelas'),
(428, 5, 'Quitilipi'),
(429, 5, 'Resistencia'),
(430, 5, 'Sáenz Peña'),
(431, 5, 'Samuhú'),
(432, 5, 'San Bernardo'),
(433, 5, 'Santa Sylvina'),
(434, 5, 'Taco Pozo'),
(435, 5, 'Tres Isletas'),
(436, 5, 'Villa Ángela'),
(437, 5, 'Villa Berthet'),
(438, 5, 'Villa R. Bermejito'),
(439, 6, 'Aldea Apeleg'),
(440, 6, 'Aldea Beleiro'),
(441, 6, 'Aldea Epulef'),
(442, 6, 'Alto Río Sengerr'),
(443, 6, 'Buen Pasto'),
(444, 6, 'Camarones'),
(445, 6, 'Carrenleufú'),
(446, 6, 'Cholila'),
(447, 6, 'Co. Centinela'),
(448, 6, 'Colan Conhué'),
(449, 6, 'Comodoro Rivadavia'),
(450, 6, 'Corcovado'),
(451, 6, 'Cushamen'),
(452, 6, 'Dique F. Ameghino'),
(453, 6, 'Dolavón'),
(454, 6, 'Dr. R. Rojas'),
(455, 6, 'El Hoyo'),
(456, 6, 'El Maitén'),
(457, 6, 'Epuyén'),
(458, 6, 'Esquel'),
(459, 6, 'Facundo'),
(460, 6, 'Gaimán'),
(461, 6, 'Gan Gan'),
(462, 6, 'Gastre'),
(463, 6, 'Gdor. Costa'),
(464, 6, 'Gualjaina'),
(465, 6, 'J. de San Martín'),
(466, 6, 'Lago Blanco'),
(467, 6, 'Lago Puelo'),
(468, 6, 'Lagunita Salada'),
(469, 6, 'Las Plumas'),
(470, 6, 'Los Altares'),
(471, 6, 'Paso de los Indios'),
(472, 6, 'Paso del Sapo'),
(473, 6, 'Pto. Madryn'),
(474, 6, 'Pto. Pirámides'),
(475, 6, 'Rada Tilly'),
(476, 6, 'Rawson'),
(477, 6, 'Río Mayo'),
(478, 6, 'Río Pico'),
(479, 6, 'Sarmiento'),
(480, 6, 'Tecka'),
(481, 6, 'Telsen'),
(482, 6, 'Trelew'),
(483, 6, 'Trevelin'),
(484, 6, 'Veintiocho de Julio'),
(485, 7, 'Achiras'),
(486, 7, 'Adelia Maria'),
(487, 7, 'Agua de Oro'),
(488, 7, 'Alcira Gigena'),
(489, 7, 'Aldea Santa Maria'),
(490, 7, 'Alejandro Roca'),
(491, 7, 'Alejo Ledesma'),
(492, 7, 'Alicia'),
(493, 7, 'Almafuerte'),
(494, 7, 'Alpa Corral'),
(495, 7, 'Alta Gracia'),
(496, 7, 'Alto Alegre'),
(497, 7, 'Alto de Los Quebrachos'),
(498, 7, 'Altos de Chipion'),
(499, 7, 'Amboy'),
(500, 7, 'Ambul'),
(501, 7, 'Ana Zumaran'),
(502, 7, 'Anisacate'),
(503, 7, 'Arguello'),
(504, 7, 'Arias'),
(505, 7, 'Arroyito'),
(506, 7, 'Arroyo Algodon'),
(507, 7, 'Arroyo Cabral'),
(508, 7, 'Arroyo Los Patos'),
(509, 7, 'Assunta'),
(510, 7, 'Atahona'),
(511, 7, 'Ausonia'),
(512, 7, 'Avellaneda'),
(513, 7, 'Ballesteros'),
(514, 7, 'Ballesteros Sud'),
(515, 7, 'Balnearia'),
(516, 7, 'Bañado de Soto'),
(517, 7, 'Bell Ville'),
(518, 7, 'Bengolea'),
(519, 7, 'Benjamin Gould'),
(520, 7, 'Berrotaran'),
(521, 7, 'Bialet Masse'),
(522, 7, 'Bouwer'),
(523, 7, 'Brinkmann'),
(524, 7, 'Buchardo'),
(525, 7, 'Bulnes'),
(526, 7, 'Cabalango'),
(527, 7, 'Calamuchita'),
(528, 7, 'Calchin'),
(529, 7, 'Calchin Oeste'),
(530, 7, 'Calmayo'),
(531, 7, 'Camilo Aldao'),
(532, 7, 'Caminiaga'),
(533, 7, 'Cañada de Luque'),
(534, 7, 'Cañada de Machado'),
(535, 7, 'Cañada de Rio Pinto'),
(536, 7, 'Cañada del Sauce'),
(537, 7, 'Canals'),
(538, 7, 'Candelaria Sud'),
(539, 7, 'Capilla de Remedios'),
(540, 7, 'Capilla de Siton'),
(541, 7, 'Capilla del Carmen'),
(542, 7, 'Capilla del Monte'),
(543, 7, 'Capital'),
(544, 7, 'Capitan Gral B. O´Higgins'),
(545, 7, 'Carnerillo'),
(546, 7, 'Carrilobo'),
(547, 7, 'Casa Grande'),
(548, 7, 'Cavanagh'),
(549, 7, 'Cerro Colorado'),
(550, 7, 'Chaján'),
(551, 7, 'Chalacea'),
(552, 7, 'Chañar Viejo'),
(553, 7, 'Chancaní'),
(554, 7, 'Charbonier'),
(555, 7, 'Charras'),
(556, 7, 'Chazón'),
(557, 7, 'Chilibroste'),
(558, 7, 'Chucul'),
(559, 7, 'Chuña'),
(560, 7, 'Chuña Huasi'),
(561, 7, 'Churqui Cañada'),
(562, 7, 'Cienaga Del Coro'),
(563, 7, 'Cintra'),
(564, 7, 'Col. Almada'),
(565, 7, 'Col. Anita'),
(566, 7, 'Col. Barge'),
(567, 7, 'Col. Bismark'),
(568, 7, 'Col. Bremen'),
(569, 7, 'Col. Caroya'),
(570, 7, 'Col. Italiana'),
(571, 7, 'Col. Iturraspe'),
(572, 7, 'Col. Las Cuatro Esquinas'),
(573, 7, 'Col. Las Pichanas'),
(574, 7, 'Col. Marina'),
(575, 7, 'Col. Prosperidad'),
(576, 7, 'Col. San Bartolome'),
(577, 7, 'Col. San Pedro'),
(578, 7, 'Col. Tirolesa'),
(579, 7, 'Col. Vicente Aguero'),
(580, 7, 'Col. Videla'),
(581, 7, 'Col. Vignaud'),
(582, 7, 'Col. Waltelina'),
(583, 7, 'Colazo'),
(584, 7, 'Comechingones'),
(585, 7, 'Conlara'),
(586, 7, 'Copacabana'),
(587, 7, '7'),
(588, 7, 'Coronel Baigorria'),
(589, 7, 'Coronel Moldes'),
(590, 7, 'Corral de Bustos'),
(591, 7, 'Corralito'),
(592, 7, 'Cosquín'),
(593, 7, 'Costa Sacate'),
(594, 7, 'Cruz Alta'),
(595, 7, 'Cruz de Caña'),
(596, 7, 'Cruz del Eje'),
(597, 7, 'Cuesta Blanca'),
(598, 7, 'Dean Funes'),
(599, 7, 'Del Campillo'),
(600, 7, 'Despeñaderos'),
(601, 7, 'Devoto'),
(602, 7, 'Diego de Rojas'),
(603, 7, 'Dique Chico'),
(604, 7, 'El Arañado'),
(605, 7, 'El Brete'),
(606, 7, 'El Chacho'),
(607, 7, 'El Crispín'),
(608, 7, 'El Fortín'),
(609, 7, 'El Manzano'),
(610, 7, 'El Rastreador'),
(611, 7, 'El Rodeo'),
(612, 7, 'El Tío'),
(613, 7, 'Elena'),
(614, 7, 'Embalse'),
(615, 7, 'Esquina'),
(616, 7, 'Estación Gral. Paz'),
(617, 7, 'Estación Juárez Celman'),
(618, 7, 'Estancia de Guadalupe'),
(619, 7, 'Estancia Vieja'),
(620, 7, 'Etruria'),
(621, 7, 'Eufrasio Loza'),
(622, 7, 'Falda del Carmen'),
(623, 7, 'Freyre'),
(624, 7, 'Gral. Baldissera'),
(625, 7, 'Gral. Cabrera'),
(626, 7, 'Gral. Deheza'),
(627, 7, 'Gral. Fotheringham'),
(628, 7, 'Gral. Levalle'),
(629, 7, 'Gral. Roca'),
(630, 7, 'Guanaco Muerto'),
(631, 7, 'Guasapampa'),
(632, 7, 'Guatimozin'),
(633, 7, 'Gutenberg'),
(634, 7, 'Hernando'),
(635, 7, 'Huanchillas'),
(636, 7, 'Huerta Grande'),
(637, 7, 'Huinca Renanco'),
(638, 7, 'Idiazabal'),
(639, 7, 'Impira'),
(640, 7, 'Inriville'),
(641, 7, 'Isla Verde'),
(642, 7, 'Italó'),
(643, 7, 'James Craik'),
(644, 7, 'Jesús María'),
(645, 7, 'Jovita'),
(646, 7, 'Justiniano Posse'),
(647, 7, 'Km 658'),
(648, 7, 'L. V. Mansilla'),
(649, 7, 'La Batea'),
(650, 7, 'La Calera'),
(651, 7, 'La Carlota'),
(652, 7, 'La Carolina'),
(653, 7, 'La Cautiva'),
(654, 7, 'La Cesira'),
(655, 7, 'La Cruz'),
(656, 7, 'La Cumbre'),
(657, 7, 'La Cumbrecita'),
(658, 7, 'La Falda'),
(659, 7, 'La Francia'),
(660, 7, 'La Granja'),
(661, 7, 'La Higuera'),
(662, 7, 'La Laguna'),
(663, 7, 'La Paisanita'),
(664, 7, 'La Palestina'),
(665, 7, '12'),
(666, 7, 'La Paquita'),
(667, 7, 'La Para'),
(668, 7, 'La Paz'),
(669, 7, 'La Playa'),
(670, 7, 'La Playosa'),
(671, 7, 'La Población'),
(672, 7, 'La Posta'),
(673, 7, 'La Puerta'),
(674, 7, 'La Quinta'),
(675, 7, 'La Rancherita'),
(676, 7, 'La Rinconada'),
(677, 7, 'La Serranita'),
(678, 7, 'La Tordilla'),
(679, 7, 'Laborde'),
(680, 7, 'Laboulaye'),
(681, 7, 'Laguna Larga'),
(682, 7, 'Las Acequias'),
(683, 7, 'Las Albahacas'),
(684, 7, 'Las Arrias'),
(685, 7, 'Las Bajadas'),
(686, 7, 'Las Caleras'),
(687, 7, 'Las Calles'),
(688, 7, 'Las Cañadas'),
(689, 7, 'Las Gramillas'),
(690, 7, 'Las Higueras'),
(691, 7, 'Las Isletillas'),
(692, 7, 'Las Junturas'),
(693, 7, 'Las Palmas'),
(694, 7, 'Las Peñas'),
(695, 7, 'Las Peñas Sud'),
(696, 7, 'Las Perdices'),
(697, 7, 'Las Playas'),
(698, 7, 'Las Rabonas'),
(699, 7, 'Las Saladas'),
(700, 7, 'Las Tapias'),
(701, 7, 'Las Varas'),
(702, 7, 'Las Varillas'),
(703, 7, 'Las Vertientes'),
(704, 7, 'Leguizamón'),
(705, 7, 'Leones'),
(706, 7, 'Los Cedros'),
(707, 7, 'Los Cerrillos'),
(708, 7, 'Los Chañaritos (C.E)'),
(709, 7, 'Los Chanaritos (R.S)'),
(710, 7, 'Los Cisnes'),
(711, 7, 'Los Cocos'),
(712, 7, 'Los Cóndores'),
(713, 7, 'Los Hornillos'),
(714, 7, 'Los Hoyos'),
(715, 7, 'Los Mistoles'),
(716, 7, 'Los Molinos'),
(717, 7, 'Los Pozos'),
(718, 7, 'Los Reartes'),
(719, 7, 'Los Surgentes'),
(720, 7, 'Los Talares'),
(721, 7, 'Los Zorros'),
(722, 7, 'Lozada'),
(723, 7, 'Luca'),
(724, 7, 'Luque'),
(725, 7, 'Luyaba'),
(726, 7, 'Malagueño'),
(727, 7, 'Malena'),
(728, 7, 'Malvinas Argentinas'),
(729, 7, 'Manfredi'),
(730, 7, 'Maquinista Gallini'),
(731, 7, 'Marcos Juárez'),
(732, 7, 'Marull'),
(733, 7, 'Matorrales'),
(734, 7, 'Mattaldi'),
(735, 7, 'Mayu Sumaj'),
(736, 7, 'Media Naranja'),
(737, 7, 'Melo'),
(738, 7, 'Mendiolaza'),
(739, 7, 'Mi Granja'),
(740, 7, 'Mina Clavero'),
(741, 7, 'Miramar'),
(742, 7, 'Morrison'),
(743, 7, 'Morteros'),
(744, 7, 'Mte. Buey'),
(745, 7, 'Mte. Cristo'),
(746, 7, 'Mte. De Los Gauchos'),
(747, 7, 'Mte. Leña'),
(748, 7, 'Mte. Maíz'),
(749, 7, 'Mte. Ralo'),
(750, 7, 'Nicolás Bruzone'),
(751, 7, 'Noetinger'),
(752, 7, 'Nono'),
(753, 7, 'Nueva 7'),
(754, 7, 'Obispo Trejo'),
(755, 7, 'Olaeta'),
(756, 7, 'Oliva'),
(757, 7, 'Olivares San Nicolás'),
(758, 7, 'Onagolty'),
(759, 7, 'Oncativo'),
(760, 7, 'Ordoñez'),
(761, 7, 'Pacheco De Melo'),
(762, 7, 'Pampayasta N.'),
(763, 7, 'Pampayasta S.'),
(764, 7, 'Panaholma'),
(765, 7, 'Pascanas'),
(766, 7, 'Pasco'),
(767, 7, 'Paso del Durazno'),
(768, 7, 'Paso Viejo'),
(769, 7, 'Pilar'),
(770, 7, 'Pincén'),
(771, 7, 'Piquillín'),
(772, 7, 'Plaza de Mercedes'),
(773, 7, 'Plaza Luxardo'),
(774, 7, 'Porteña'),
(775, 7, 'Potrero de Garay'),
(776, 7, 'Pozo del Molle'),
(777, 7, 'Pozo Nuevo'),
(778, 7, 'Pueblo Italiano'),
(779, 7, 'Puesto de Castro'),
(780, 7, 'Punta del Agua'),
(781, 7, 'Quebracho Herrado'),
(782, 7, 'Quilino'),
(783, 7, 'Rafael García'),
(784, 7, 'Ranqueles'),
(785, 7, 'Rayo Cortado'),
(786, 7, 'Reducción'),
(787, 7, 'Rincón'),
(788, 7, 'Río Bamba'),
(789, 7, 'Río Ceballos'),
(790, 7, 'Río Cuarto'),
(791, 7, 'Río de Los Sauces'),
(792, 7, 'Río Primero'),
(793, 7, 'Río Segundo'),
(794, 7, 'Río Tercero'),
(795, 7, 'Rosales'),
(796, 7, 'Rosario del Saladillo'),
(797, 7, 'Sacanta'),
(798, 7, 'Sagrada Familia'),
(799, 7, 'Saira'),
(800, 7, 'Saladillo'),
(801, 7, 'Saldán'),
(802, 7, 'Salsacate'),
(803, 7, 'Salsipuedes'),
(804, 7, 'Sampacho'),
(805, 7, 'San Agustín'),
(806, 7, 'San Antonio de Arredondo'),
(807, 7, 'San Antonio de Litín'),
(808, 7, 'San Basilio'),
(809, 7, 'San Carlos Minas'),
(810, 7, 'San Clemente'),
(811, 7, 'San Esteban'),
(812, 7, 'San Francisco'),
(813, 7, 'San Ignacio'),
(814, 7, 'San Javier'),
(815, 7, 'San Jerónimo'),
(816, 7, 'San Joaquín'),
(817, 7, 'San José de La Dormida'),
(818, 7, 'San José de Las Salinas'),
(819, 7, 'San Lorenzo'),
(820, 7, 'San Marcos Sierras'),
(821, 7, 'San Marcos Sud'),
(822, 7, 'San Pedro'),
(823, 7, 'San Pedro N.'),
(824, 7, 'San Roque'),
(825, 7, 'San Vicente'),
(826, 7, 'Santa Catalina'),
(827, 7, 'Santa Elena'),
(828, 7, 'Santa Eufemia'),
(829, 7, 'Santa Maria'),
(830, 7, 'Sarmiento'),
(831, 7, 'Saturnino M.Laspiur'),
(832, 7, 'Sauce Arriba'),
(833, 7, 'Sebastián Elcano'),
(834, 7, 'Seeber'),
(835, 7, 'Segunda Usina'),
(836, 7, 'Serrano'),
(837, 7, 'Serrezuela'),
(838, 7, 'Sgo. Temple'),
(839, 7, 'Silvio Pellico'),
(840, 7, 'Simbolar'),
(841, 7, 'Sinsacate'),
(842, 7, 'Sta. Rosa de Calamuchita'),
(843, 7, 'Sta. Rosa de Río Primero'),
(844, 7, 'Suco'),
(845, 7, 'Tala Cañada'),
(846, 7, 'Tala Huasi'),
(847, 7, 'Talaini'),
(848, 7, 'Tancacha'),
(849, 7, 'Tanti'),
(850, 7, 'Ticino'),
(851, 7, 'Tinoco'),
(852, 7, 'Tío Pujio'),
(853, 7, 'Toledo'),
(854, 7, 'Toro Pujio'),
(855, 7, 'Tosno'),
(856, 7, 'Tosquita'),
(857, 7, 'Tránsito'),
(858, 7, 'Tuclame'),
(859, 7, 'Tutti'),
(860, 7, 'Ucacha'),
(861, 7, 'Unquillo'),
(862, 7, 'Valle de Anisacate'),
(863, 7, 'Valle Hermoso'),
(864, 7, 'Vélez Sarfield'),
(865, 7, 'Viamonte'),
(866, 7, 'Vicuña Mackenna'),
(867, 7, 'Villa Allende'),
(868, 7, 'Villa Amancay'),
(869, 7, 'Villa Ascasubi'),
(870, 7, 'Villa Candelaria N.'),
(871, 7, 'Villa Carlos Paz'),
(872, 7, 'Villa Cerro Azul'),
(873, 7, 'Villa Ciudad de América'),
(874, 7, 'Villa Ciudad Pque Los Reartes'),
(875, 7, 'Villa Concepción del Tío'),
(876, 7, 'Villa Cura Brochero'),
(877, 7, 'Villa de Las Rosas'),
(878, 7, 'Villa de María'),
(879, 7, 'Villa de Pocho'),
(880, 7, 'Villa de Soto'),
(881, 7, 'Villa del Dique'),
(882, 7, 'Villa del Prado'),
(883, 7, 'Villa del Rosario'),
(884, 7, 'Villa del Totoral'),
(885, 7, 'Villa Dolores'),
(886, 7, 'Villa El Chancay'),
(887, 7, 'Villa Elisa'),
(888, 7, 'Villa Flor Serrana'),
(889, 7, 'Villa Fontana'),
(890, 7, 'Villa Giardino'),
(891, 7, 'Villa Gral. Belgrano'),
(892, 7, 'Villa Gutierrez'),
(893, 7, 'Villa Huidobro'),
(894, 7, 'Villa La Bolsa'),
(895, 7, 'Villa Los Aromos'),
(896, 7, 'Villa Los Patos'),
(897, 7, 'Villa María'),
(898, 7, 'Villa Nueva'),
(899, 7, 'Villa Pque. Santa Ana'),
(900, 7, 'Villa Pque. Siquiman'),
(901, 7, 'Villa Quillinzo'),
(902, 7, 'Villa Rossi'),
(903, 7, 'Villa Rumipal'),
(904, 7, 'Villa San Esteban'),
(905, 7, 'Villa San Isidro'),
(906, 7, 'Villa 21'),
(907, 7, 'Villa Sarmiento (G.R)'),
(908, 7, 'Villa Sarmiento (S.A)'),
(909, 7, 'Villa Tulumba'),
(910, 7, 'Villa Valeria'),
(911, 7, 'Villa Yacanto'),
(912, 7, 'Washington'),
(913, 7, 'Wenceslao Escalante'),
(914, 7, 'Ycho Cruz Sierras'),
(915, 8, 'Alvear'),
(916, 8, 'Bella Vista'),
(917, 8, 'Berón de Astrada'),
(918, 8, 'Bonpland'),
(919, 8, 'Caá Cati'),
(920, 8, 'Capital'),
(921, 8, 'Chavarría'),
(922, 8, 'Col. C. Pellegrini'),
(923, 8, 'Col. Libertad'),
(924, 8, 'Col. Liebig'),
(925, 8, 'Col. Sta Rosa'),
(926, 8, 'Concepción'),
(927, 8, 'Cruz de Los Milagros'),
(928, 8, 'Curuzú-Cuatiá'),
(929, 8, 'Empedrado'),
(930, 8, 'Esquina'),
(931, 8, 'Estación Torrent'),
(932, 8, 'Felipe Yofré'),
(933, 8, 'Garruchos'),
(934, 8, 'Gdor. Agrónomo'),
(935, 8, 'Gdor. Martínez'),
(936, 8, 'Goya'),
(937, 8, 'Guaviravi'),
(938, 8, 'Herlitzka'),
(939, 8, 'Ita-Ibate'),
(940, 8, 'Itatí'),
(941, 8, 'Ituzaingó'),
(942, 8, 'José Rafael Gómez'),
(943, 8, 'Juan Pujol'),
(944, 8, 'La Cruz'),
(945, 8, 'Lavalle'),
(946, 8, 'Lomas de Vallejos'),
(947, 8, 'Loreto'),
(948, 8, 'Mariano I. Loza'),
(949, 8, 'Mburucuyá'),
(950, 8, 'Mercedes'),
(951, 8, 'Mocoretá'),
(952, 8, 'Mte. Caseros'),
(953, 8, 'Nueve de Julio'),
(954, 8, 'Palmar Grande'),
(955, 8, 'Parada Pucheta'),
(956, 8, 'Paso de La Patria'),
(957, 8, 'Paso de Los Libres'),
(958, 8, 'Pedro R. Fernandez'),
(959, 8, 'Perugorría'),
(960, 8, 'Pueblo Libertador'),
(961, 8, 'Ramada Paso'),
(962, 8, 'Riachuelo'),
(963, 8, 'Saladas'),
(964, 8, 'San Antonio'),
(965, 8, 'San Carlos'),
(966, 8, 'San Cosme'),
(967, 8, 'San Lorenzo'),
(968, 8, '20 del Palmar'),
(969, 8, 'San Miguel'),
(970, 8, 'San Roque'),
(971, 8, 'Santa Ana'),
(972, 8, 'Santa Lucía'),
(973, 8, 'Santo Tomé'),
(974, 8, 'Sauce'),
(975, 8, 'Tabay'),
(976, 8, 'Tapebicuá'),
(977, 8, 'Tatacua'),
(978, 8, 'Virasoro'),
(979, 8, 'Yapeyú'),
(980, 8, 'Yataití Calle'),
(981, 9, 'Alarcón'),
(982, 9, 'Alcaraz'),
(983, 9, 'Alcaraz N.'),
(984, 9, 'Alcaraz S.'),
(985, 9, 'Aldea Asunción'),
(986, 9, 'Aldea Brasilera'),
(987, 9, 'Aldea Elgenfeld'),
(988, 9, 'Aldea Grapschental'),
(989, 9, 'Aldea Ma. Luisa'),
(990, 9, 'Aldea Protestante'),
(991, 9, 'Aldea Salto'),
(992, 9, 'Aldea San Antonio (G)'),
(993, 9, 'Aldea San Antonio (P)'),
(994, 9, 'Aldea 19'),
(995, 9, 'Aldea San Miguel'),
(996, 9, 'Aldea San Rafael'),
(997, 9, 'Aldea Spatzenkutter'),
(998, 9, 'Aldea Sta. María'),
(999, 9, 'Aldea Sta. Rosa'),
(1000, 9, 'Aldea Valle María'),
(1001, 9, 'Altamirano Sur'),
(1002, 9, 'Antelo'),
(1003, 9, 'Antonio Tomás'),
(1004, 9, 'Aranguren'),
(1005, 9, 'Arroyo Barú'),
(1006, 9, 'Arroyo Burgos'),
(1007, 9, 'Arroyo Clé'),
(1008, 9, 'Arroyo Corralito'),
(1009, 9, 'Arroyo del Medio'),
(1010, 9, 'Arroyo Maturrango'),
(1011, 9, 'Arroyo Palo Seco'),
(1012, 9, 'Banderas'),
(1013, 9, 'Basavilbaso'),
(1014, 9, 'Betbeder'),
(1015, 9, 'Bovril'),
(1016, 9, 'Caseros'),
(1017, 9, 'Ceibas'),
(1018, 9, 'Cerrito'),
(1019, 9, 'Chajarí'),
(1020, 9, 'Chilcas'),
(1021, 9, 'Clodomiro Ledesma'),
(1022, 9, 'Col. Alemana'),
(1023, 9, 'Col. Avellaneda'),
(1024, 9, 'Col. Avigdor'),
(1025, 9, 'Col. Ayuí'),
(1026, 9, 'Col. Baylina'),
(1027, 9, 'Col. Carrasco'),
(1028, 9, 'Col. Celina'),
(1029, 9, 'Col. Cerrito'),
(1030, 9, 'Col. Crespo'),
(1031, 9, 'Col. Elia'),
(1032, 9, 'Col. Ensayo'),
(1033, 9, 'Col. Gral. Roca'),
(1034, 9, 'Col. La Argentina'),
(1035, 9, 'Col. Merou'),
(1036, 9, 'Col. Oficial Nª3'),
(1037, 9, 'Col. Oficial Nº13'),
(1038, 9, 'Col. Oficial Nº14'),
(1039, 9, 'Col. Oficial Nº5'),
(1040, 9, 'Col. Reffino'),
(1041, 9, 'Col. Tunas'),
(1042, 9, 'Col. Viraró'),
(1043, 9, 'Colón'),
(1044, 9, 'Concepción del Uruguay'),
(1045, 9, 'Concordia'),
(1046, 9, 'Conscripto Bernardi'),
(1047, 9, 'Costa Grande'),
(1048, 9, 'Costa San Antonio'),
(1049, 9, 'Costa Uruguay N.'),
(1050, 9, 'Costa Uruguay S.'),
(1051, 9, 'Crespo'),
(1052, 9, 'Crucecitas 3ª'),
(1053, 9, 'Crucecitas 7ª'),
(1054, 9, 'Crucecitas 8ª'),
(1055, 9, 'Cuchilla Redonda'),
(1056, 9, 'Curtiembre'),
(1057, 9, 'Diamante'),
(1058, 9, 'Distrito 6º'),
(1059, 9, 'Distrito Chañar'),
(1060, 9, 'Distrito Chiqueros'),
(1061, 9, 'Distrito Cuarto'),
(1062, 9, 'Distrito Diego López'),
(1063, 9, 'Distrito Pajonal'),
(1064, 9, 'Distrito Sauce'),
(1065, 9, 'Distrito Tala'),
(1066, 9, 'Distrito Talitas'),
(1067, 9, 'Don Cristóbal 1ª Sección'),
(1068, 9, 'Don Cristóbal 2ª Sección'),
(1069, 9, 'Durazno'),
(1070, 9, 'El Cimarrón'),
(1071, 9, 'El Gramillal'),
(1072, 9, 'El Palenque'),
(1073, 9, 'El Pingo'),
(1074, 9, 'El Quebracho'),
(1075, 9, 'El Redomón'),
(1076, 9, 'El Solar'),
(1077, 9, 'Enrique Carbo'),
(1078, 9, '9'),
(1079, 9, 'Espinillo N.'),
(1080, 9, 'Estación Campos'),
(1081, 9, 'Estación Escriña'),
(1082, 9, 'Estación Lazo'),
(1083, 9, 'Estación Raíces'),
(1084, 9, 'Estación Yerúa'),
(1085, 9, 'Estancia Grande'),
(1086, 9, 'Estancia Líbaros'),
(1087, 9, 'Estancia Racedo'),
(1088, 9, 'Estancia Solá'),
(1089, 9, 'Estancia Yuquerí'),
(1090, 9, 'Estaquitas'),
(1091, 9, 'Faustino M. Parera'),
(1092, 9, 'Febre'),
(1093, 9, 'Federación'),
(1094, 9, 'Federal'),
(1095, 9, 'Gdor. Echagüe'),
(1096, 9, 'Gdor. Mansilla'),
(1097, 9, 'Gilbert'),
(1098, 9, 'González Calderón'),
(1099, 9, 'Gral. Almada'),
(1100, 9, 'Gral. Alvear'),
(1101, 9, 'Gral. Campos'),
(1102, 9, 'Gral. Galarza'),
(1103, 9, 'Gral. Ramírez'),
(1104, 9, 'Gualeguay'),
(1105, 9, 'Gualeguaychú'),
(1106, 9, 'Gualeguaycito'),
(1107, 9, 'Guardamonte'),
(1108, 9, 'Hambis'),
(1109, 9, 'Hasenkamp'),
(1110, 9, 'Hernandarias'),
(1111, 9, 'Hernández'),
(1112, 9, 'Herrera'),
(1113, 9, 'Hinojal'),
(1114, 9, 'Hocker'),
(1115, 9, 'Ing. Sajaroff'),
(1116, 9, 'Irazusta'),
(1117, 9, 'Isletas'),
(1118, 9, 'J.J De Urquiza'),
(1119, 9, 'Jubileo'),
(1120, 9, 'La Clarita'),
(1121, 9, 'La Criolla'),
(1122, 9, 'La Esmeralda'),
(1123, 9, 'La Florida'),
(1124, 9, 'La Fraternidad'),
(1125, 9, 'La Hierra'),
(1126, 9, 'La Ollita'),
(1127, 9, 'La Paz'),
(1128, 9, 'La Picada'),
(1129, 9, 'La Providencia'),
(1130, 9, 'La Verbena'),
(1131, 9, 'Laguna Benítez'),
(1132, 9, 'Larroque'),
(1133, 9, 'Las Cuevas'),
(1134, 9, 'Las Garzas'),
(1135, 9, 'Las Guachas'),
(1136, 9, 'Las Mercedes'),
(1137, 9, 'Las Moscas'),
(1138, 9, 'Las Mulitas'),
(1139, 9, 'Las Toscas'),
(1140, 9, 'Laurencena'),
(1141, 9, 'Libertador San Martín'),
(1142, 9, 'Loma Limpia'),
(1143, 9, 'Los Ceibos'),
(1144, 9, 'Los Charruas'),
(1145, 9, 'Los Conquistadores'),
(1146, 9, 'Lucas González'),
(1147, 9, 'Lucas N.'),
(1148, 9, 'Lucas S. 1ª'),
(1149, 9, 'Lucas S. 2ª'),
(1150, 9, 'Maciá'),
(1151, 9, 'María Grande'),
(1152, 9, 'María Grande 2ª'),
(1153, 9, 'Médanos'),
(1154, 9, 'Mojones N.'),
(1155, 9, 'Mojones S.'),
(1156, 9, 'Molino Doll'),
(1157, 9, 'Monte Redondo'),
(1158, 9, 'Montoya'),
(1159, 9, 'Mulas Grandes'),
(1160, 9, 'Ñancay'),
(1161, 9, 'Nogoyá'),
(1162, 9, 'Nueva Escocia'),
(1163, 9, 'Nueva Vizcaya'),
(1164, 9, 'Ombú'),
(1165, 9, 'Oro Verde'),
(1166, 9, 'Paraná'),
(1167, 9, 'Pasaje Guayaquil'),
(1168, 9, 'Pasaje Las Tunas'),
(1169, 9, 'Paso de La Arena'),
(1170, 9, 'Paso de La Laguna'),
(1171, 9, 'Paso de Las Piedras'),
(1172, 9, 'Paso Duarte'),
(1173, 9, 'Pastor Britos'),
(1174, 9, 'Pedernal'),
(1175, 9, 'Perdices'),
(1176, 9, 'Picada Berón'),
(1177, 9, 'Piedras Blancas'),
(1178, 9, 'Primer Distrito Cuchilla'),
(1179, 9, 'Primero de Mayo'),
(1180, 9, 'Pronunciamiento'),
(1181, 9, 'Pto. Algarrobo'),
(1182, 9, 'Pto. Ibicuy'),
(1183, 9, 'Pueblo Brugo'),
(1184, 9, 'Pueblo Cazes'),
(1185, 9, 'Pueblo Gral. Belgrano'),
(1186, 9, 'Pueblo Liebig'),
(1187, 9, 'Puerto Yeruá'),
(1188, 9, 'Punta del Monte'),
(1189, 9, 'Quebracho'),
(1190, 9, 'Quinto Distrito'),
(1191, 9, 'Raices Oeste'),
(1192, 9, 'Rincón de Nogoyá'),
(1193, 9, 'Rincón del Cinto'),
(1194, 9, 'Rincón del Doll'),
(1195, 9, 'Rincón del Gato'),
(1196, 9, 'Rocamora'),
(1197, 9, 'Rosario del Tala'),
(1198, 9, 'San Benito'),
(1199, 9, 'San Cipriano'),
(1200, 9, 'San Ernesto'),
(1201, 9, 'San Gustavo'),
(1202, 9, 'San Jaime'),
(1203, 9, 'San José'),
(1204, 9, 'San José de Feliciano'),
(1205, 9, 'San Justo'),
(1206, 9, 'San Marcial'),
(1207, 9, 'San Pedro'),
(1208, 9, 'San Ramírez'),
(1209, 9, 'San Ramón'),
(1210, 9, 'San Roque'),
(1211, 9, 'San Salvador'),
(1212, 9, 'San Víctor'),
(1213, 9, 'Santa Ana'),
(1214, 9, 'Santa Anita'),
(1215, 9, 'Santa Elena'),
(1216, 9, 'Santa Lucía'),
(1217, 9, 'Santa Luisa'),
(1218, 9, 'Sauce de Luna'),
(1219, 9, 'Sauce Montrull'),
(1220, 9, 'Sauce Pinto'),
(1221, 9, 'Sauce Sur'),
(1222, 9, 'Seguí'),
(1223, 9, 'Sir Leonard'),
(1224, 9, 'Sosa'),
(1225, 9, 'Tabossi'),
(1226, 9, 'Tezanos Pinto'),
(1227, 9, 'Ubajay'),
(1228, 9, 'Urdinarrain'),
(1229, 9, 'Veinte de Septiembre'),
(1230, 9, 'Viale'),
(1231, 9, 'Victoria'),
(1232, 9, 'Villa Clara'),
(1233, 9, 'Villa del Rosario'),
(1234, 9, 'Villa Domínguez'),
(1235, 9, 'Villa Elisa'),
(1236, 9, 'Villa Fontana'),
(1237, 9, 'Villa Gdor. Etchevehere'),
(1238, 9, 'Villa Mantero'),
(1239, 9, 'Villa Paranacito'),
(1240, 9, 'Villa Urquiza'),
(1241, 9, 'Villaguay'),
(1242, 9, 'Walter Moss'),
(1243, 9, 'Yacaré'),
(1244, 9, 'Yeso Oeste'),
(1245, 10, 'Buena Vista'),
(1246, 10, 'Clorinda'),
(1247, 10, 'Col. Pastoril'),
(1248, 10, 'Cte. Fontana'),
(1249, 10, 'El Colorado'),
(1250, 10, 'El Espinillo'),
(1251, 10, 'Estanislao Del Campo'),
(1252, 10, '10'),
(1253, 10, 'Fortín Lugones'),
(1254, 10, 'Gral. Lucio V. Mansilla'),
(1255, 10, 'Gral. Manuel Belgrano'),
(1256, 10, 'Gral. Mosconi'),
(1257, 10, 'Gran Guardia'),
(1258, 10, 'Herradura'),
(1259, 10, 'Ibarreta'),
(1260, 10, 'Ing. Juárez'),
(1261, 10, 'Laguna Blanca'),
(1262, 10, 'Laguna Naick Neck'),
(1263, 10, 'Laguna Yema'),
(1264, 10, 'Las Lomitas'),
(1265, 10, 'Los Chiriguanos'),
(1266, 10, 'Mayor V. Villafañe'),
(1267, 10, 'Misión San Fco.'),
(1268, 10, 'Palo Santo'),
(1269, 10, 'Pirané'),
(1270, 10, 'Pozo del Maza'),
(1271, 10, 'Riacho He-He'),
(1272, 10, 'San Hilario'),
(1273, 10, 'San Martín II'),
(1274, 10, 'Siete Palmas'),
(1275, 10, 'Subteniente Perín'),
(1276, 10, 'Tres Lagunas'),
(1277, 10, 'Villa Dos Trece'),
(1278, 10, 'Villa Escolar'),
(1279, 10, 'Villa Gral. Güemes'),
(1280, 11, 'Abdon Castro Tolay'),
(1281, 11, 'Abra Pampa'),
(1282, 11, 'Abralaite'),
(1283, 11, 'Aguas Calientes'),
(1284, 11, 'Arrayanal'),
(1285, 11, 'Barrios'),
(1286, 11, 'Caimancito'),
(1287, 11, 'Calilegua'),
(1288, 11, 'Cangrejillos'),
(1289, 11, 'Caspala'),
(1290, 11, 'Catuá'),
(1291, 11, 'Cieneguillas'),
(1292, 11, 'Coranzulli'),
(1293, 11, 'Cusi-Cusi'),
(1294, 11, 'El Aguilar'),
(1295, 11, 'El Carmen'),
(1296, 11, 'El Cóndor'),
(1297, 11, 'El Fuerte'),
(1298, 11, 'El Piquete'),
(1299, 11, 'El Talar'),
(1300, 11, 'Fraile Pintado'),
(1301, 11, 'Hipólito Yrigoyen'),
(1302, 11, 'Huacalera'),
(1303, 11, 'Humahuaca'),
(1304, 11, 'La Esperanza'),
(1305, 11, 'La Mendieta'),
(1306, 11, 'La Quiaca'),
(1307, 11, 'Ledesma'),
(1308, 11, 'Libertador Gral. San Martin'),
(1309, 11, 'Maimara'),
(1310, 11, 'Mina Pirquitas'),
(1311, 11, 'Monterrico'),
(1312, 11, 'Palma Sola'),
(1313, 11, 'Palpalá'),
(1314, 11, 'Pampa Blanca'),
(1315, 11, 'Pampichuela'),
(1316, 11, 'Perico'),
(1317, 11, 'Puesto del Marqués'),
(1318, 11, 'Puesto Viejo'),
(1319, 11, 'Pumahuasi'),
(1320, 11, 'Purmamarca'),
(1321, 11, 'Rinconada'),
(1322, 11, 'Rodeitos'),
(1323, 11, 'Rosario de Río Grande'),
(1324, 11, 'San Antonio'),
(1325, 11, 'San Francisco'),
(1326, 11, 'San Pedro'),
(1327, 11, 'San Rafael'),
(1328, 11, 'San Salvador'),
(1329, 11, 'Santa Ana'),
(1330, 11, 'Santa Catalina'),
(1331, 11, 'Santa Clara'),
(1332, 11, 'Susques'),
(1333, 11, 'Tilcara'),
(1334, 11, 'Tres Cruces'),
(1335, 11, 'Tumbaya'),
(1336, 11, 'Valle Grande'),
(1337, 11, 'Vinalito'),
(1338, 11, 'Volcán'),
(1339, 11, 'Yala'),
(1340, 11, 'Yaví'),
(1341, 11, 'Yuto'),
(1342, 12, 'Abramo'),
(1343, 12, 'Adolfo Van Praet'),
(1344, 12, 'Agustoni'),
(1345, 12, 'Algarrobo del Aguila'),
(1346, 12, 'Alpachiri'),
(1347, 12, 'Alta Italia'),
(1348, 12, 'Anguil'),
(1349, 12, 'Arata'),
(1350, 12, 'Ataliva Roca'),
(1351, 12, 'Bernardo Larroude'),
(1352, 12, 'Bernasconi'),
(1353, 12, 'Caleufú'),
(1354, 12, 'Carro Quemado'),
(1355, 12, 'Catriló'),
(1356, 12, 'Ceballos'),
(1357, 12, 'Chacharramendi'),
(1358, 12, 'Col. Barón'),
(1359, 12, 'Col. Santa María'),
(1360, 12, 'Conhelo'),
(1361, 12, 'Coronel Hilario Lagos'),
(1362, 12, 'Cuchillo-Có'),
(1363, 12, 'Doblas'),
(1364, 12, 'Dorila'),
(1365, 12, 'Eduardo Castex'),
(1366, 12, 'Embajador Martini'),
(1367, 12, 'Falucho'),
(1368, 12, 'Gral. Acha'),
(1369, 12, 'Gral. Manuel Campos'),
(1370, 12, 'Gral. Pico'),
(1371, 12, 'Guatraché'),
(1372, 12, 'Ing. Luiggi'),
(1373, 12, 'Intendente Alvear'),
(1374, 12, 'Jacinto Arauz'),
(1375, 12, 'La Adela'),
(1376, 12, 'La Humada'),
(1377, 12, 'La Maruja'),
(1378, 12, '12'),
(1379, 12, 'La Reforma'),
(1380, 12, 'Limay Mahuida'),
(1381, 12, 'Lonquimay'),
(1382, 12, 'Loventuel'),
(1383, 12, 'Luan Toro'),
(1384, 12, 'Macachín'),
(1385, 12, 'Maisonnave'),
(1386, 12, 'Mauricio Mayer'),
(1387, 12, 'Metileo'),
(1388, 12, 'Miguel Cané'),
(1389, 12, 'Miguel Riglos'),
(1390, 12, 'Monte Nievas'),
(1391, 12, 'Parera'),
(1392, 12, 'Perú'),
(1393, 12, 'Pichi-Huinca'),
(1394, 12, 'Puelches'),
(1395, 12, 'Puelén'),
(1396, 12, 'Quehue'),
(1397, 12, 'Quemú Quemú'),
(1398, 12, 'Quetrequén'),
(1399, 12, 'Rancul'),
(1400, 12, 'Realicó'),
(1401, 12, 'Relmo'),
(1402, 12, 'Rolón'),
(1403, 12, 'Rucanelo'),
(1404, 12, 'Sarah'),
(1405, 12, 'Speluzzi'),
(1406, 12, 'Sta. Isabel'),
(1407, 12, 'Sta. Rosa'),
(1408, 12, 'Sta. Teresa'),
(1409, 12, 'Telén'),
(1410, 12, 'Toay'),
(1411, 12, 'Tomas M. de Anchorena'),
(1412, 12, 'Trenel'),
(1413, 12, 'Unanue'),
(1414, 12, 'Uriburu'),
(1415, 12, 'Veinticinco de Mayo'),
(1416, 12, 'Vertiz'),
(1417, 12, 'Victorica'),
(1418, 12, 'Villa Mirasol'),
(1419, 12, 'Winifreda'),
(1420, 13, 'Arauco'),
(1421, 13, 'Capital'),
(1422, 13, 'Castro Barros'),
(1423, 13, 'Chamical'),
(1424, 13, 'Chilecito'),
(1425, 13, 'Coronel F. Varela'),
(1426, 13, 'Famatina'),
(1427, 13, 'Gral. A.V.Peñaloza'),
(1428, 13, 'Gral. Belgrano'),
(1429, 13, 'Gral. J.F. Quiroga'),
(1430, 13, 'Gral. Lamadrid'),
(1431, 13, 'Gral. Ocampo'),
(1432, 13, 'Gral. San Martín'),
(1433, 13, 'Independencia'),
(1434, 13, 'Rosario Penaloza'),
(1435, 13, 'San Blas de Los Sauces'),
(1436, 13, 'Sanagasta'),
(1437, 13, 'Vinchina'),
(1438, 14, 'Capital'),
(1439, 14, 'Chacras de Coria'),
(1440, 14, 'Dorrego'),
(1441, 14, 'Gllen'),
(1442, 14, 'Godoy Cruz'),
(1443, 14, 'Gral. Alvear'),
(1444, 14, 'Guaymallén'),
(1445, 14, 'Junín'),
(1446, 14, 'La Paz'),
(1447, 14, 'Las Heras'),
(1448, 14, 'Lavalle'),
(1449, 14, 'Luján'),
(1450, 14, 'Luján De Cuyo'),
(1451, 14, 'Maipú'),
(1452, 14, 'Malargüe'),
(1453, 14, 'Rivadavia'),
(1454, 14, 'San Carlos'),
(1455, 14, 'San Martín'),
(1456, 14, 'San Rafael'),
(1457, 14, 'Sta. Rosa'),
(1458, 14, 'Tunuyán'),
(1459, 14, 'Tupungato'),
(1460, 14, 'Villa Nueva'),
(1461, 15, 'Alba Posse'),
(1462, 15, 'Almafuerte'),
(1463, 15, 'Apóstoles'),
(1464, 15, 'Aristóbulo Del Valle'),
(1465, 15, 'Arroyo Del Medio'),
(1466, 15, 'Azara'),
(1467, 15, 'Bdo. De Irigoyen'),
(1468, 15, 'Bonpland'),
(1469, 15, 'Caá Yari'),
(1470, 15, 'Campo Grande'),
(1471, 15, 'Campo Ramón'),
(1472, 15, 'Campo Viera'),
(1473, 15, 'Candelaria'),
(1474, 15, 'Capioví'),
(1475, 15, 'Caraguatay'),
(1476, 15, 'Cdte. Guacurarí'),
(1477, 15, 'Cerro Azul'),
(1478, 15, 'Cerro Corá'),
(1479, 15, 'Col. Alberdi'),
(1480, 15, 'Col. Aurora'),
(1481, 15, 'Col. Delicia'),
(1482, 15, 'Col. Polana'),
(1483, 15, 'Col. Victoria'),
(1484, 15, 'Col. Wanda'),
(1485, 15, 'Concepción De La Sierra'),
(1486, 15, 'Corpus'),
(1487, 15, 'Dos Arroyos'),
(1488, 15, 'Dos de Mayo'),
(1489, 15, 'El Alcázar'),
(1490, 15, 'El Dorado'),
(1491, 15, 'El Soberbio'),
(1492, 15, 'Esperanza'),
(1493, 15, 'F. Ameghino'),
(1494, 15, 'Fachinal'),
(1495, 15, 'Garuhapé'),
(1496, 15, 'Garupá'),
(1497, 15, 'Gdor. López'),
(1498, 15, 'Gdor. Roca'),
(1499, 15, 'Gral. Alvear'),
(1500, 15, 'Gral. Urquiza'),
(1501, 15, 'Guaraní'),
(1502, 15, 'H. Yrigoyen'),
(1503, 15, 'Iguazú'),
(1504, 15, 'Itacaruaré'),
(1505, 15, 'Jardín América'),
(1506, 15, 'Leandro N. Alem'),
(1507, 15, 'Libertad'),
(1508, 15, 'Loreto'),
(1509, 15, 'Los Helechos'),
(1510, 15, 'Mártires'),
(1511, 15, '15'),
(1512, 15, 'Mojón Grande'),
(1513, 15, 'Montecarlo'),
(1514, 15, 'Nueve de Julio'),
(1515, 15, 'Oberá'),
(1516, 15, 'Olegario V. Andrade'),
(1517, 15, 'Panambí'),
(1518, 15, 'Posadas'),
(1519, 15, 'Profundidad'),
(1520, 15, 'Pto. Iguazú'),
(1521, 15, 'Pto. Leoni'),
(1522, 15, 'Pto. Piray'),
(1523, 15, 'Pto. Rico'),
(1524, 15, 'Ruiz de Montoya'),
(1525, 15, 'San Antonio'),
(1526, 15, 'San Ignacio'),
(1527, 15, 'San Javier'),
(1528, 15, 'San José'),
(1529, 15, 'San Martín'),
(1530, 15, 'San Pedro'),
(1531, 15, 'San Vicente'),
(1532, 15, 'Santiago De Liniers'),
(1533, 15, 'Santo Pipo'),
(1534, 15, 'Sta. Ana'),
(1535, 15, 'Sta. María'),
(1536, 15, 'Tres Capones'),
(1537, 15, 'Veinticinco de Mayo'),
(1538, 15, 'Wanda'),
(1539, 16, 'Aguada San Roque'),
(1540, 16, 'Aluminé'),
(1541, 16, 'Andacollo'),
(1542, 16, 'Añelo'),
(1543, 16, 'Bajada del Agrio'),
(1544, 16, 'Barrancas'),
(1545, 16, 'Buta Ranquil'),
(1546, 16, 'Capital'),
(1547, 16, 'Caviahué'),
(1548, 16, 'Centenario'),
(1549, 16, 'Chorriaca'),
(1550, 16, 'Chos Malal'),
(1551, 16, 'Cipolletti'),
(1552, 16, 'Covunco Abajo'),
(1553, 16, 'Coyuco Cochico'),
(1554, 16, 'Cutral Có'),
(1555, 16, 'El Cholar'),
(1556, 16, 'El Huecú'),
(1557, 16, 'El Sauce'),
(1558, 16, 'Guañacos'),
(1559, 16, 'Huinganco'),
(1560, 16, 'Las Coloradas'),
(1561, 16, 'Las Lajas'),
(1562, 16, 'Las Ovejas'),
(1563, 16, 'Loncopué'),
(1564, 16, 'Los Catutos'),
(1565, 16, 'Los Chihuidos'),
(1566, 16, 'Los Miches'),
(1567, 16, 'Manzano Amargo'),
(1568, 16, '16'),
(1569, 16, 'Octavio Pico'),
(1570, 16, 'Paso Aguerre'),
(1571, 16, 'Picún Leufú'),
(1572, 16, 'Piedra del Aguila'),
(1573, 16, 'Pilo Lil'),
(1574, 16, 'Plaza Huincul'),
(1575, 16, 'Plottier'),
(1576, 16, 'Quili Malal'),
(1577, 16, 'Ramón Castro'),
(1578, 16, 'Rincón de Los Sauces'),
(1579, 16, 'San Martín de Los Andes'),
(1580, 16, 'San Patricio del Chañar'),
(1581, 16, 'Santo Tomás'),
(1582, 16, 'Sauzal Bonito'),
(1583, 16, 'Senillosa'),
(1584, 16, 'Taquimilán'),
(1585, 16, 'Tricao Malal'),
(1586, 16, 'Varvarco'),
(1587, 16, 'Villa Curí Leuvu'),
(1588, 16, 'Villa del Nahueve'),
(1589, 16, 'Villa del Puente Picún Leuvú'),
(1590, 16, 'Villa El Chocón'),
(1591, 16, 'Villa La Angostura'),
(1592, 16, 'Villa Pehuenia'),
(1593, 16, 'Villa Traful'),
(1594, 16, 'Vista Alegre'),
(1595, 16, 'Zapala'),
(1596, 17, 'Aguada Cecilio'),
(1597, 17, 'Aguada de Guerra'),
(1598, 17, 'Allén'),
(1599, 17, 'Arroyo de La Ventana'),
(1600, 17, 'Arroyo Los Berros'),
(1601, 17, 'Bariloche'),
(1602, 17, 'Calte. Cordero'),
(1603, 17, 'Campo Grande'),
(1604, 17, 'Catriel'),
(1605, 17, 'Cerro Policía'),
(1606, 17, 'Cervantes'),
(1607, 17, 'Chelforo'),
(1608, 17, 'Chimpay'),
(1609, 17, 'Chinchinales'),
(1610, 17, 'Chipauquil'),
(1611, 17, 'Choele Choel'),
(1612, 17, 'Cinco Saltos'),
(1613, 17, 'Cipolletti'),
(1614, 17, 'Clemente Onelli'),
(1615, 17, 'Colán Conhue'),
(1616, 17, 'Comallo'),
(1617, 17, 'Comicó'),
(1618, 17, 'Cona Niyeu'),
(1619, 17, 'Coronel Belisle'),
(1620, 17, 'Cubanea'),
(1621, 17, 'Darwin'),
(1622, 17, 'Dina Huapi'),
(1623, 17, 'El Bolsón'),
(1624, 17, 'El Caín'),
(1625, 17, 'El Manso'),
(1626, 17, 'Gral. Conesa'),
(1627, 17, 'Gral. Enrique Godoy'),
(1628, 17, 'Gral. Fernandez Oro'),
(1629, 17, 'Gral. Roca'),
(1630, 17, 'Guardia Mitre'),
(1631, 17, 'Ing. Huergo'),
(1632, 17, 'Ing. Jacobacci'),
(1633, 17, 'Laguna Blanca'),
(1634, 17, 'Lamarque'),
(1635, 17, 'Las Grutas'),
(1636, 17, 'Los Menucos'),
(1637, 17, 'Luis Beltrán'),
(1638, 17, 'Mainqué'),
(1639, 17, 'Mamuel Choique'),
(1640, 17, 'Maquinchao'),
(1641, 17, 'Mencué'),
(1642, 17, 'Mtro. Ramos Mexia'),
(1643, 17, 'Nahuel Niyeu'),
(1644, 17, 'Naupa Huen'),
(1645, 17, 'Ñorquinco'),
(1646, 17, 'Ojos de Agua'),
(1647, 17, 'Paso de Agua'),
(1648, 17, 'Paso Flores'),
(1649, 17, 'Peñas Blancas'),
(1650, 17, 'Pichi Mahuida'),
(1651, 17, 'Pilcaniyeu'),
(1652, 17, 'Pomona'),
(1653, 17, 'Prahuaniyeu'),
(1654, 17, 'Rincón Treneta'),
(1655, 17, 'Río Chico'),
(1656, 17, 'Río Colorado'),
(1657, 17, 'Roca'),
(1658, 17, 'San Antonio Oeste'),
(1659, 17, 'San Javier'),
(1660, 17, 'Sierra Colorada'),
(1661, 17, 'Sierra Grande'),
(1662, 17, 'Sierra Pailemán'),
(1663, 17, 'Valcheta'),
(1664, 17, 'Valle Azul'),
(1665, 17, 'Viedma'),
(1666, 17, 'Villa Llanquín'),
(1667, 17, 'Villa Mascardi'),
(1668, 17, 'Villa Regina'),
(1669, 17, 'Yaminué'),
(1670, 18, 'A. Saravia'),
(1671, 18, 'Aguaray'),
(1672, 18, 'Angastaco'),
(1673, 18, 'Animaná'),
(1674, 18, 'Cachi'),
(1675, 18, 'Cafayate'),
(1676, 18, 'Campo Quijano'),
(1677, 18, 'Campo Santo'),
(1678, 18, 'Capital'),
(1679, 18, 'Cerrillos'),
(1680, 18, 'Chicoana'),
(1681, 18, 'Col. Sta. Rosa'),
(1682, 18, 'Coronel Moldes'),
(1683, 18, 'El Bordo'),
(1684, 18, 'El Carril'),
(1685, 18, 'El Galpón'),
(1686, 18, 'El Jardín'),
(1687, 18, 'El Potrero'),
(1688, 18, 'El Quebrachal'),
(1689, 18, 'El Tala'),
(1690, 18, 'Embarcación'),
(1691, 18, 'Gral. Ballivian'),
(1692, 18, 'Gral. Güemes'),
(1693, 18, 'Gral. Mosconi'),
(1694, 18, 'Gral. Pizarro'),
(1695, 18, 'Guachipas'),
(1696, 18, 'Hipólito Yrigoyen'),
(1697, 18, 'Iruyá'),
(1698, 18, 'Isla De Cañas'),
(1699, 18, 'J. V. Gonzalez'),
(1700, 18, 'La Caldera'),
(1701, 18, 'La Candelaria'),
(1702, 18, 'La Merced'),
(1703, 18, 'La Poma'),
(1704, 18, 'La Viña'),
(1705, 18, 'Las Lajitas'),
(1706, 18, 'Los Toldos'),
(1707, 18, 'Metán'),
(1708, 18, 'Molinos'),
(1709, 18, 'Nazareno'),
(1710, 18, 'Orán'),
(1711, 18, 'Payogasta'),
(1712, 18, 'Pichanal'),
(1713, 18, 'Prof. S. Mazza'),
(1714, 18, 'Río Piedras'),
(1715, 18, 'Rivadavia Banda Norte'),
(1716, 18, 'Rivadavia Banda Sur'),
(1717, 18, 'Rosario de La Frontera'),
(1718, 18, 'Rosario de Lerma'),
(1719, 18, 'Saclantás'),
(1720, 18, '18'),
(1721, 18, 'San Antonio'),
(1722, 18, 'San Carlos'),
(1723, 18, 'San José De Metán'),
(1724, 18, 'San Ramón'),
(1725, 18, 'Santa Victoria E.'),
(1726, 18, 'Santa Victoria O.'),
(1727, 18, 'Tartagal'),
(1728, 18, 'Tolar Grande'),
(1729, 18, 'Urundel'),
(1730, 18, 'Vaqueros'),
(1731, 18, 'Villa San Lorenzo'),
(1732, 19, 'Albardón'),
(1733, 19, 'Angaco'),
(1734, 19, 'Calingasta'),
(1735, 19, 'Capital'),
(1736, 19, 'Caucete'),
(1737, 19, 'Chimbas'),
(1738, 19, 'Iglesia'),
(1739, 19, 'Jachal'),
(1740, 19, 'Nueve de Julio'),
(1741, 19, 'Pocito'),
(1742, 19, 'Rawson'),
(1743, 19, 'Rivadavia'),
(1744, 19, '19'),
(1745, 19, 'San Martín'),
(1746, 19, 'Santa Lucía'),
(1747, 19, 'Sarmiento'),
(1748, 19, 'Ullum'),
(1749, 19, 'Valle Fértil'),
(1750, 19, 'Veinticinco de Mayo'),
(1751, 19, 'Zonda'),
(1752, 20, 'Alto Pelado'),
(1753, 20, 'Alto Pencoso'),
(1754, 20, 'Anchorena'),
(1755, 20, 'Arizona'),
(1756, 20, 'Bagual'),
(1757, 20, 'Balde'),
(1758, 20, 'Batavia'),
(1759, 20, 'Beazley'),
(1760, 20, 'Buena Esperanza'),
(1761, 20, 'Candelaria'),
(1762, 20, 'Capital'),
(1763, 20, 'Carolina'),
(1764, 20, 'Carpintería'),
(1765, 20, 'Concarán'),
(1766, 20, 'Cortaderas'),
(1767, 20, 'El Morro'),
(1768, 20, 'El Trapiche'),
(1769, 20, 'El Volcán'),
(1770, 20, 'Fortín El Patria'),
(1771, 20, 'Fortuna'),
(1772, 20, 'Fraga'),
(1773, 20, 'Juan Jorba'),
(1774, 20, 'Juan Llerena'),
(1775, 20, 'Juana Koslay'),
(1776, 20, 'Justo Daract'),
(1777, 20, 'La Calera'),
(1778, 20, 'La Florida'),
(1779, 20, 'La Punilla'),
(1780, 20, 'La Toma'),
(1781, 20, 'Lafinur'),
(1782, 20, 'Las Aguadas'),
(1783, 20, 'Las Chacras'),
(1784, 20, 'Las Lagunas'),
(1785, 20, 'Las Vertientes'),
(1786, 20, 'Lavaisse'),
(1787, 20, 'Leandro N. Alem'),
(1788, 20, 'Los Molles'),
(1789, 20, 'Luján'),
(1790, 20, 'Mercedes'),
(1791, 20, 'Merlo'),
(1792, 20, 'Naschel'),
(1793, 20, 'Navia'),
(1794, 20, 'Nogolí'),
(1795, 20, 'Nueva Galia'),
(1796, 20, 'Papagayos'),
(1797, 20, 'Paso Grande'),
(1798, 20, 'Potrero de Los Funes'),
(1799, 20, 'Quines'),
(1800, 20, 'Renca'),
(1801, 20, 'Saladillo'),
(1802, 20, 'San Francisco'),
(1803, 20, 'San Gerónimo'),
(1804, 20, 'San Martín'),
(1805, 20, 'San Pablo'),
(1806, 20, 'Santa Rosa de Conlara'),
(1807, 20, 'Talita'),
(1808, 20, 'Tilisarao'),
(1809, 20, 'Unión'),
(1810, 20, 'Villa de La Quebrada'),
(1811, 20, 'Villa de Praga'),
(1812, 20, 'Villa del Carmen'),
(1813, 20, 'Villa Gral. Roca'),
(1814, 20, 'Villa Larca'),
(1815, 20, 'Villa Mercedes'),
(1816, 20, 'Zanjitas'),
(1817, 21, 'Calafate'),
(1818, 21, 'Caleta Olivia'),
(1819, 21, 'Cañadón Seco'),
(1820, 21, 'Comandante Piedrabuena'),
(1821, 21, 'El Calafate'),
(1822, 21, 'El Chaltén'),
(1823, 21, 'Gdor. Gregores'),
(1824, 21, 'Hipólito Yrigoyen'),
(1825, 21, 'Jaramillo'),
(1826, 21, 'Koluel Kaike'),
(1827, 21, 'Las Heras'),
(1828, 21, 'Los Antiguos'),
(1829, 21, 'Perito Moreno'),
(1830, 21, 'Pico Truncado'),
(1831, 21, 'Pto. Deseado'),
(1832, 21, 'Pto. San Julián'),
(1833, 21, 'Pto. 21'),
(1834, 21, 'Río Cuarto'),
(1835, 21, 'Río Gallegos'),
(1836, 21, 'Río Turbio'),
(1837, 21, 'Tres Lagos'),
(1838, 21, 'Veintiocho De Noviembre'),
(1839, 22, 'Aarón Castellanos'),
(1840, 22, 'Acebal'),
(1841, 22, 'Aguará Grande'),
(1842, 22, 'Albarellos'),
(1843, 22, 'Alcorta'),
(1844, 22, 'Aldao'),
(1845, 22, 'Alejandra'),
(1846, 22, 'Álvarez'),
(1847, 22, 'Ambrosetti'),
(1848, 22, 'Amenábar'),
(1849, 22, 'Angélica'),
(1850, 22, 'Angeloni'),
(1851, 22, 'Arequito'),
(1852, 22, 'Arminda'),
(1853, 22, 'Armstrong'),
(1854, 22, 'Arocena'),
(1855, 22, 'Arroyo Aguiar'),
(1856, 22, 'Arroyo Ceibal'),
(1857, 22, 'Arroyo Leyes'),
(1858, 22, 'Arroyo Seco'),
(1859, 22, 'Arrufó'),
(1860, 22, 'Arteaga'),
(1861, 22, 'Ataliva'),
(1862, 22, 'Aurelia'),
(1863, 22, 'Avellaneda'),
(1864, 22, 'Barrancas'),
(1865, 22, 'Bauer Y Sigel'),
(1866, 22, 'Bella Italia'),
(1867, 22, 'Berabevú'),
(1868, 22, 'Berna'),
(1869, 22, 'Bernardo de Irigoyen'),
(1870, 22, 'Bigand'),
(1871, 22, 'Bombal'),
(1872, 22, 'Bouquet'),
(1873, 22, 'Bustinza'),
(1874, 22, 'Cabal'),
(1875, 22, 'Cacique Ariacaiquin'),
(1876, 22, 'Cafferata'),
(1877, 22, 'Calchaquí'),
(1878, 22, 'Campo Andino'),
(1879, 22, 'Campo Piaggio'),
(1880, 22, 'Cañada de Gómez'),
(1881, 22, 'Cañada del Ucle'),
(1882, 22, 'Cañada Rica'),
(1883, 22, 'Cañada Rosquín'),
(1884, 22, 'Candioti'),
(1885, 22, 'Capital'),
(1886, 22, 'Capitán Bermúdez'),
(1887, 22, 'Capivara'),
(1888, 22, 'Carcarañá'),
(1889, 22, 'Carlos Pellegrini'),
(1890, 22, 'Carmen'),
(1891, 22, 'Carmen Del Sauce'),
(1892, 22, 'Carreras'),
(1893, 22, 'Carrizales'),
(1894, 22, 'Casalegno'),
(1895, 22, 'Casas'),
(1896, 22, 'Casilda'),
(1897, 22, 'Castelar'),
(1898, 22, 'Castellanos'),
(1899, 22, 'Cayastá'),
(1900, 22, 'Cayastacito'),
(1901, 22, 'Centeno'),
(1902, 22, 'Cepeda'),
(1903, 22, 'Ceres'),
(1904, 22, 'Chabás'),
(1905, 22, 'Chañar Ladeado'),
(1906, 22, 'Chapuy'),
(1907, 22, 'Chovet'),
(1908, 22, 'Christophersen'),
(1909, 22, 'Classon'),
(1910, 22, 'Cnel. Arnold'),
(1911, 22, 'Cnel. Bogado'),
(1912, 22, 'Cnel. Dominguez'),
(1913, 22, 'Cnel. Fraga'),
(1914, 22, 'Col. Aldao'),
(1915, 22, 'Col. Ana'),
(1916, 22, 'Col. Belgrano'),
(1917, 22, 'Col. Bicha'),
(1918, 22, 'Col. Bigand'),
(1919, 22, 'Col. Bossi'),
(1920, 22, 'Col. Cavour'),
(1921, 22, 'Col. Cello'),
(1922, 22, 'Col. Dolores'),
(1923, 22, 'Col. Dos Rosas'),
(1924, 22, 'Col. Durán'),
(1925, 22, 'Col. Iturraspe'),
(1926, 22, 'Col. Margarita'),
(1927, 22, 'Col. Mascias'),
(1928, 22, 'Col. Raquel'),
(1929, 22, 'Col. Rosa'),
(1930, 22, 'Col. San José'),
(1931, 22, 'Constanza'),
(1932, 22, 'Coronda'),
(1933, 22, 'Correa'),
(1934, 22, 'Crispi'),
(1935, 22, 'Cululú'),
(1936, 22, 'Curupayti'),
(1937, 22, 'Desvio Arijón'),
(1938, 22, 'Diaz'),
(1939, 22, 'Diego de Alvear'),
(1940, 22, 'Egusquiza'),
(1941, 22, 'El Arazá'),
(1942, 22, 'El Rabón'),
(1943, 22, 'El Sombrerito'),
(1944, 22, 'El Trébol'),
(1945, 22, 'Elisa'),
(1946, 22, 'Elortondo'),
(1947, 22, 'Emilia'),
(1948, 22, 'Empalme San Carlos'),
(1949, 22, 'Empalme Villa Constitucion'),
(1950, 22, 'Esmeralda'),
(1951, 22, 'Esperanza'),
(1952, 22, 'Estación Alvear'),
(1953, 22, 'Estacion Clucellas'),
(1954, 22, 'Esteban Rams'),
(1955, 22, 'Esther'),
(1956, 22, 'Esustolia'),
(1957, 22, 'Eusebia'),
(1958, 22, 'Felicia'),
(1959, 22, 'Fidela'),
(1960, 22, 'Fighiera'),
(1961, 22, 'Firmat'),
(1962, 22, 'Florencia'),
(1963, 22, 'Fortín Olmos'),
(1964, 22, 'Franck'),
(1965, 22, 'Fray Luis Beltrán'),
(1966, 22, 'Frontera'),
(1967, 22, 'Fuentes'),
(1968, 22, 'Funes'),
(1969, 22, 'Gaboto'),
(1970, 22, 'Galisteo'),
(1971, 22, 'Gálvez'),
(1972, 22, 'Garabalto'),
(1973, 22, 'Garibaldi'),
(1974, 22, 'Gato Colorado'),
(1975, 22, 'Gdor. Crespo'),
(1976, 22, 'Gessler'),
(1977, 22, 'Godoy'),
(1978, 22, 'Golondrina'),
(1979, 22, 'Gral. Gelly'),
(1980, 22, 'Gral. Lagos'),
(1981, 22, 'Granadero Baigorria'),
(1982, 22, 'Gregoria Perez De Denis'),
(1983, 22, 'Grutly'),
(1984, 22, 'Guadalupe N.'),
(1985, 22, 'Gödeken'),
(1986, 22, 'Helvecia'),
(1987, 22, 'Hersilia'),
(1988, 22, 'Hipatía'),
(1989, 22, 'Huanqueros'),
(1990, 22, 'Hugentobler'),
(1991, 22, 'Hughes'),
(1992, 22, 'Humberto 1º'),
(1993, 22, 'Humboldt'),
(1994, 22, 'Ibarlucea'),
(1995, 22, 'Ing. Chanourdie'),
(1996, 22, 'Intiyaco'),
(1997, 22, 'Ituzaingó'),
(1998, 22, 'Jacinto L. Aráuz'),
(1999, 22, 'Josefina'),
(2000, 22, 'Juan B. Molina'),
(2001, 22, 'Juan de Garay'),
(2002, 22, 'Juncal'),
(2003, 22, 'La Brava'),
(2004, 22, 'La Cabral'),
(2005, 22, 'La Camila'),
(2006, 22, 'La Chispa'),
(2007, 22, 'La Clara'),
(2008, 22, 'La Criolla'),
(2009, 22, 'La Gallareta'),
(2010, 22, 'La Lucila'),
(2011, 22, 'La Pelada'),
(2012, 22, 'La Penca'),
(2013, 22, 'La Rubia'),
(2014, 22, 'La Sarita'),
(2015, 22, 'La Vanguardia'),
(2016, 22, 'Labordeboy'),
(2017, 22, 'Laguna Paiva'),
(2018, 22, 'Landeta'),
(2019, 22, 'Lanteri'),
(2020, 22, 'Larrechea'),
(2021, 22, 'Las Avispas'),
(2022, 22, 'Las Bandurrias'),
(2023, 22, 'Las Garzas'),
(2024, 22, 'Las Palmeras'),
(2025, 22, 'Las Parejas'),
(2026, 22, 'Las Petacas'),
(2027, 22, 'Las Rosas'),
(2028, 22, 'Las Toscas'),
(2029, 22, 'Las Tunas'),
(2030, 22, 'Lazzarino'),
(2031, 22, 'Lehmann'),
(2032, 22, 'Llambi Campbell'),
(2033, 22, 'Logroño'),
(2034, 22, 'Loma Alta'),
(2035, 22, 'López'),
(2036, 22, 'Los Amores'),
(2037, 22, 'Los Cardos'),
(2038, 22, 'Los Laureles'),
(2039, 22, 'Los Molinos'),
(2040, 22, 'Los Quirquinchos'),
(2041, 22, 'Lucio V. Lopez'),
(2042, 22, 'Luis Palacios'),
(2043, 22, 'Ma. Juana'),
(2044, 22, 'Ma. Luisa'),
(2045, 22, 'Ma. Susana'),
(2046, 22, 'Ma. Teresa'),
(2047, 22, 'Maciel'),
(2048, 22, 'Maggiolo'),
(2049, 22, 'Malabrigo'),
(2050, 22, 'Marcelino Escalada'),
(2051, 22, 'Margarita'),
(2052, 22, 'Matilde'),
(2053, 22, 'Mauá'),
(2054, 22, 'Máximo Paz'),
(2055, 22, 'Melincué'),
(2056, 22, 'Miguel Torres'),
(2057, 22, 'Moisés Ville'),
(2058, 22, 'Monigotes'),
(2059, 22, 'Monje'),
(2060, 22, 'Monte Obscuridad'),
(2061, 22, 'Monte Vera'),
(2062, 22, 'Montefiore'),
(2063, 22, 'Montes de Oca'),
(2064, 22, 'Murphy'),
(2065, 22, 'Ñanducita'),
(2066, 22, 'Naré'),
(2067, 22, 'Nelson'),
(2068, 22, 'Nicanor E. Molinas'),
(2069, 22, 'Nuevo Torino'),
(2070, 22, 'Oliveros'),
(2071, 22, 'Palacios'),
(2072, 22, 'Pavón'),
(2073, 22, 'Pavón Arriba'),
(2074, 22, 'Pedro Gómez Cello'),
(2075, 22, 'Pérez'),
(2076, 22, 'Peyrano'),
(2077, 22, 'Piamonte'),
(2078, 22, 'Pilar'),
(2079, 22, 'Piñero'),
(2080, 22, 'Plaza Clucellas'),
(2081, 22, 'Portugalete'),
(2082, 22, 'Pozo Borrado'),
(2083, 22, 'Progreso'),
(2084, 22, 'Providencia'),
(2085, 22, 'Pte. Roca'),
(2086, 22, 'Pueblo Andino'),
(2087, 22, 'Pueblo Esther'),
(2088, 22, 'Pueblo Gral. San Martín'),
(2089, 22, 'Pueblo Irigoyen'),
(2090, 22, 'Pueblo Marini'),
(2091, 22, 'Pueblo Muñoz'),
(2092, 22, 'Pueblo Uranga'),
(2093, 22, 'Pujato');
INSERT INTO localidades (id_localidad, id_provincia, localidad) VALUES
(2094, 22, 'Pujato N.'),
(2095, 22, 'Rafaela'),
(2096, 22, 'Ramayón'),
(2097, 22, 'Ramona'),
(2098, 22, 'Reconquista'),
(2099, 22, 'Recreo'),
(2100, 22, 'Ricardone'),
(2101, 22, 'Rivadavia'),
(2102, 22, 'Roldán'),
(2103, 22, 'Romang'),
(2104, 22, 'Rosario'),
(2105, 22, 'Rueda'),
(2106, 22, 'Rufino'),
(2107, 22, 'Sa Pereira'),
(2108, 22, 'Saguier'),
(2109, 22, 'Saladero M. Cabal'),
(2110, 22, 'Salto Grande'),
(2111, 22, 'San Agustín'),
(2112, 22, 'San Antonio de Obligado'),
(2113, 22, 'San Bernardo (N.J.)'),
(2114, 22, 'San Bernardo (S.J.)'),
(2115, 22, 'San Carlos Centro'),
(2116, 22, 'San Carlos N.'),
(2117, 22, 'San Carlos S.'),
(2118, 22, 'San Cristóbal'),
(2119, 22, 'San Eduardo'),
(2120, 22, 'San Eugenio'),
(2121, 22, 'San Fabián'),
(2122, 22, 'San Fco. de Santa Fé'),
(2123, 22, 'San Genaro'),
(2124, 22, 'San Genaro N.'),
(2125, 22, 'San Gregorio'),
(2126, 22, 'San Guillermo'),
(2127, 22, 'San Javier'),
(2128, 22, 'San Jerónimo del Sauce'),
(2129, 22, 'San Jerónimo N.'),
(2130, 22, 'San Jerónimo S.'),
(2131, 22, 'San Jorge'),
(2132, 22, 'San José de La Esquina'),
(2133, 22, 'San José del Rincón'),
(2134, 22, 'San Justo'),
(2135, 22, 'San Lorenzo'),
(2136, 22, 'San Mariano'),
(2137, 22, 'San Martín de Las Escobas'),
(2138, 22, 'San Martín N.'),
(2139, 22, 'San Vicente'),
(2140, 22, 'Sancti Spititu'),
(2141, 22, 'Sanford'),
(2142, 22, 'Santo Domingo'),
(2143, 22, 'Santo Tomé'),
(2144, 22, 'Santurce'),
(2145, 22, 'Sargento Cabral'),
(2146, 22, 'Sarmiento'),
(2147, 22, 'Sastre'),
(2148, 22, 'Sauce Viejo'),
(2149, 22, 'Serodino'),
(2150, 22, 'Silva'),
(2151, 22, 'Soldini'),
(2152, 22, 'Soledad'),
(2153, 22, 'Soutomayor'),
(2154, 22, 'Sta. Clara de Buena Vista'),
(2155, 22, 'Sta. Clara de Saguier'),
(2156, 22, 'Sta. Isabel'),
(2157, 22, 'Sta. Margarita'),
(2158, 22, 'Sta. Maria Centro'),
(2159, 22, 'Sta. María N.'),
(2160, 22, 'Sta. Rosa'),
(2161, 22, 'Sta. Teresa'),
(2162, 22, 'Suardi'),
(2163, 22, 'Sunchales'),
(2164, 22, 'Susana'),
(2165, 22, 'Tacuarendí'),
(2166, 22, 'Tacural'),
(2167, 22, 'Tartagal'),
(2168, 22, 'Teodelina'),
(2169, 22, 'Theobald'),
(2170, 22, 'Timbúes'),
(2171, 22, 'Toba'),
(2172, 22, 'Tortugas'),
(2173, 22, 'Tostado'),
(2174, 22, 'Totoras'),
(2175, 22, 'Traill'),
(2176, 22, 'Venado Tuerto'),
(2177, 22, 'Vera'),
(2178, 22, 'Vera y Pintado'),
(2179, 22, 'Videla'),
(2180, 22, 'Vila'),
(2181, 22, 'Villa Amelia'),
(2182, 22, 'Villa Ana'),
(2183, 22, 'Villa Cañas'),
(2184, 22, 'Villa Constitución'),
(2185, 22, 'Villa Eloísa'),
(2186, 22, 'Villa Gdor. Gálvez'),
(2187, 22, 'Villa Guillermina'),
(2188, 22, 'Villa Minetti'),
(2189, 22, 'Villa Mugueta'),
(2190, 22, 'Villa Ocampo'),
(2191, 22, 'Villa San José'),
(2192, 22, 'Villa Saralegui'),
(2193, 22, 'Villa Trinidad'),
(2194, 22, 'Villada'),
(2195, 22, 'Virginia'),
(2196, 22, 'Wheelwright'),
(2197, 22, 'Zavalla'),
(2198, 22, 'Zenón Pereira'),
(2199, 23, 'Añatuya'),
(2200, 23, 'Árraga'),
(2201, 23, 'Bandera'),
(2202, 23, 'Bandera Bajada'),
(2203, 23, 'Beltrán'),
(2204, 23, 'Brea Pozo'),
(2205, 23, 'Campo Gallo'),
(2206, 23, 'Capital'),
(2207, 23, 'Chilca Juliana'),
(2208, 23, 'Choya'),
(2209, 23, 'Clodomira'),
(2210, 23, 'Col. Alpina'),
(2211, 23, 'Col. Dora'),
(2212, 23, 'Col. El Simbolar Robles'),
(2213, 23, 'El Bobadal'),
(2214, 23, 'El Charco'),
(2215, 23, 'El Mojón'),
(2216, 23, 'Estación Atamisqui'),
(2217, 23, 'Estación Simbolar'),
(2218, 23, 'Fernández'),
(2219, 23, 'Fortín Inca'),
(2220, 23, 'Frías'),
(2221, 23, 'Garza'),
(2222, 23, 'Gramilla'),
(2223, 23, 'Guardia Escolta'),
(2224, 23, 'Herrera'),
(2225, 23, 'Icaño'),
(2226, 23, 'Ing. Forres'),
(2227, 23, 'La Banda'),
(2228, 23, 'La Cañada'),
(2229, 23, 'Laprida'),
(2230, 23, 'Lavalle'),
(2231, 23, 'Loreto'),
(2232, 23, 'Los Juríes'),
(2233, 23, 'Los Núñez'),
(2234, 23, 'Los Pirpintos'),
(2235, 23, 'Los Quiroga'),
(2236, 23, 'Los Telares'),
(2237, 23, 'Lugones'),
(2238, 23, 'Malbrán'),
(2239, 23, 'Matara'),
(2240, 23, 'Medellín'),
(2241, 23, 'Monte Quemado'),
(2242, 23, 'Nueva Esperanza'),
(2243, 23, 'Nueva Francia'),
(2244, 23, 'Palo Negro'),
(2245, 23, 'Pampa de Los Guanacos'),
(2246, 23, 'Pinto'),
(2247, 23, 'Pozo Hondo'),
(2248, 23, 'Quimilí'),
(2249, 23, 'Real Sayana'),
(2250, 23, 'Sachayoj'),
(2251, 23, 'San Pedro de Guasayán'),
(2252, 23, 'Selva'),
(2253, 23, 'Sol de Julio'),
(2254, 23, 'Sumampa'),
(2255, 23, 'Suncho Corral'),
(2256, 23, 'Taboada'),
(2257, 23, 'Tapso'),
(2258, 23, 'Termas de Rio Hondo'),
(2259, 23, 'Tintina'),
(2260, 23, 'Tomas Young'),
(2261, 23, 'Vilelas'),
(2262, 23, 'Villa Atamisqui'),
(2263, 23, 'Villa La Punta'),
(2264, 23, 'Villa Ojo de Agua'),
(2265, 23, 'Villa Río Hondo'),
(2266, 23, 'Villa Salavina'),
(2267, 23, 'Villa Unión'),
(2268, 23, 'Vilmer'),
(2269, 23, 'Weisburd'),
(2270, 24, 'Río Grande'),
(2271, 24, 'Tolhuin'),
(2272, 24, 'Ushuaia'),
(2273, 25, 'Acheral'),
(2274, 25, 'Agua Dulce'),
(2275, 25, 'Aguilares'),
(2276, 25, 'Alderetes'),
(2277, 25, 'Alpachiri'),
(2278, 25, 'Alto Verde'),
(2279, 25, 'Amaicha del Valle'),
(2280, 25, 'Amberes'),
(2281, 25, 'Ancajuli'),
(2282, 25, 'Arcadia'),
(2283, 25, 'Atahona'),
(2284, 25, 'Banda del Río Sali'),
(2285, 25, 'Bella Vista'),
(2286, 25, 'Buena Vista'),
(2287, 25, 'Burruyacú'),
(2288, 25, 'Capitán Cáceres'),
(2289, 25, 'Cevil Redondo'),
(2290, 25, 'Choromoro'),
(2291, 25, 'Ciudacita'),
(2292, 25, 'Colalao del Valle'),
(2293, 25, 'Colombres'),
(2294, 25, 'Concepción'),
(2295, 25, 'Delfín Gallo'),
(2296, 25, 'El Bracho'),
(2297, 25, 'El Cadillal'),
(2298, 25, 'El Cercado'),
(2299, 25, 'El Chañar'),
(2300, 25, 'El Manantial'),
(2301, 25, 'El Mojón'),
(2302, 25, 'El Mollar'),
(2303, 25, 'El Naranjito'),
(2304, 25, 'El Naranjo'),
(2305, 25, 'El Polear'),
(2306, 25, 'El Puestito'),
(2307, 25, 'El Sacrificio'),
(2308, 25, 'El Timbó'),
(2309, 25, 'Escaba'),
(2310, 25, 'Esquina'),
(2311, 25, 'Estación Aráoz'),
(2312, 25, 'Famaillá'),
(2313, 25, 'Gastone'),
(2314, 25, 'Gdor. Garmendia'),
(2315, 25, 'Gdor. Piedrabuena'),
(2316, 25, 'Graneros'),
(2317, 25, 'Huasa Pampa'),
(2318, 25, 'J. B. Alberdi'),
(2319, 25, 'La Cocha'),
(2320, 25, 'La Esperanza'),
(2321, 25, 'La Florida'),
(2322, 25, 'La Ramada'),
(2323, 25, 'La Trinidad'),
(2324, 25, 'Lamadrid'),
(2325, 25, 'Las Cejas'),
(2326, 25, 'Las Talas'),
(2327, 25, 'Las Talitas'),
(2328, 25, 'Los Bulacio'),
(2329, 25, 'Los Gómez'),
(2330, 25, 'Los Nogales'),
(2331, 25, 'Los Pereyra'),
(2332, 25, 'Los Pérez'),
(2333, 25, 'Los Puestos'),
(2334, 25, 'Los Ralos'),
(2335, 25, 'Los Sarmientos'),
(2336, 25, 'Los Sosa'),
(2337, 25, 'Lules'),
(2338, 25, 'M. García Fernández'),
(2339, 25, 'Manuela Pedraza'),
(2340, 25, 'Medinas'),
(2341, 25, 'Monte Bello'),
(2342, 25, 'Monteagudo'),
(2343, 25, 'Monteros'),
(2344, 25, 'Padre Monti'),
(2345, 25, 'Pampa Mayo'),
(2346, 25, 'Quilmes'),
(2347, 25, 'Raco'),
(2348, 25, 'Ranchillos'),
(2349, 25, 'Río Chico'),
(2350, 25, 'Río Colorado'),
(2351, 25, 'Río Seco'),
(2352, 25, 'Rumi Punco'),
(2353, 25, 'San Andrés'),
(2354, 25, 'San Felipe'),
(2355, 25, 'San Ignacio'),
(2356, 25, 'San Javier'),
(2357, 25, 'San José'),
(2358, 25, 'San Miguel de 25'),
(2359, 25, 'San Pedro'),
(2360, 25, 'San Pedro de Colalao'),
(2361, 25, 'Santa Rosa de Leales'),
(2362, 25, 'Sgto. Moya'),
(2363, 25, 'Siete de Abril'),
(2364, 25, 'Simoca'),
(2365, 25, 'Soldado Maldonado'),
(2366, 25, 'Sta. Ana'),
(2367, 25, 'Sta. Cruz'),
(2368, 25, 'Sta. Lucía'),
(2369, 25, 'Taco Ralo'),
(2370, 25, 'Tafí del Valle'),
(2371, 25, 'Tafí Viejo'),
(2372, 25, 'Tapia'),
(2373, 25, 'Teniente Berdina'),
(2374, 25, 'Trancas'),
(2375, 25, 'Villa Belgrano'),
(2376, 25, 'Villa Benjamín Araoz'),
(2377, 25, 'Villa Chiligasta'),
(2378, 25, 'Villa de Leales'),
(2379, 25, 'Villa Quinteros'),
(2380, 25, 'Yánima'),
(2381, 25, 'Yerba Buena'),
(2382, 25, 'Yerba Buena (S)');

CREATE TABLE materiaprima (
  id int NOT NULL,
  nombre varchar(100) NOT NULL,
  lote varchar(30) NOT NULL,
  unidad_medida varchar(10) NOT NULL,
  es_perecedero tinyint(1) NOT NULL DEFAULT '0',
  fecha_vencimiento date DEFAULT NULL,
  stockminimo int NOT NULL,
  stockactual int NOT NULL,
  proveedor int DEFAULT NULL,
  estado varchar(10) NOT NULL,
  categoriaMP int NOT NULL
) ENGINE=InnoDB DEFAULT CHARSET=utf8mb4 COLLATE=utf8mb4_0900_ai_ci;

INSERT INTO materiaprima (id, nombre, lote, unidad_medida, es_perecedero, fecha_vencimiento, stockminimo, stockactual, proveedor, estado, categoriaMP) VALUES
(17, 'Levadura', '', 'kg', 1, '2025-10-31', 120, 200, 16, 'activo', 2),
(18, 'Harina', '', 'kg', 0, NULL, 100, 80, 26, 'activo', 1),
(21, 'Leche', '', 'l', 1, '2025-09-29', 100, 120, 16, 'activo', 2),
(22, 'Fecula de Maiz', '', 'kg', 0, NULL, 120, 150, 26, 'activo', 1),
(23, 'Huevos', '', 'un', 1, '2025-12-31', 60, 10, 29, 'activo', 2),
(30, 'Azucar', '', 'kg', 0, NULL, 120, 120, 28, 'activo', 1),
(32, 'Leche en polvo', '', 'kg', 0, NULL, 100, 20, 16, 'activo', 1),
(33, 'Manteca', '', 'kg', 1, '2026-02-28', 50, 0, 31, 'activo', 2),
(34, 'Margarina', '', 'kg', 0, NULL, 20, 20, 25, 'inactivo', 2),
(37, 'Esencia Vainilla', '', 'l', 0, NULL, 5, 6, 28, 'inactivo', 2),
(38, 'Lino', '', 'kg', 0, NULL, 10, 16, 26, 'inactivo', 1),
(39, 'Dulce de Leche', '', 'kg', 1, '2025-10-20', 10, 33, 16, 'activo', 2),
(40, 'Membrillo', '', 'kg', 1, '2025-10-31', 20, 30, 28, 'activo', 2),
(41, 'Papa', '', 'kg', 1, '2025-09-29', 50, 50, 30, 'activo', 2),
(42, 'Granas', '', 'kg', 1, '2025-11-30', 50, 50, 31, 'activo', 1),
(43, 'Manteca', '1234', 'kg', 1, '2025-10-30', 20, 15, 16, 'activo', 2);

CREATE TABLE pedidomp (
  idPedido int NOT NULL,
  idProveedor int NOT NULL,
  fechaPedido date NOT NULL,
  fechaRecepcion datetime DEFAULT NULL,
  usuarioRecepcion int DEFAULT NULL,
  Estado int DEFAULT NULL
) ENGINE=InnoDB DEFAULT CHARSET=utf8mb4 COLLATE=utf8mb4_0900_ai_ci;

INSERT INTO pedidomp (idPedido, idProveedor, fechaPedido, fechaRecepcion, usuarioRecepcion, Estado) VALUES
(8, 16, '2025-07-04', NULL, NULL, 60),
(9, 25, '2025-07-04', NULL, NULL, 60),
(10, 16, '2025-07-04', NULL, NULL, 10),
(11, 16, '2025-07-04', NULL, NULL, 60),
(12, 16, '2025-07-05', NULL, NULL, 10),
(13, 28, '2025-07-05', NULL, NULL, 10),
(14, 26, '2025-07-05', NULL, NULL, 10),
(15, 16, '2025-07-05', NULL, NULL, 10),
(16, 16, '2025-07-05', NULL, NULL, 10),
(18, 16, '2025-07-10', NULL, NULL, 50),
(19, 26, '2025-01-22', NULL, NULL, 60),
(20, 29, '2025-07-24', NULL, NULL, 60),
(21, 27, '2025-05-25', NULL, NULL, 40),
(22, 30, '2025-06-02', NULL, NULL, 10),
(23, 28, '2025-05-19', NULL, NULL, 30),
(24, 27, '2025-04-13', NULL, NULL, 40),
(25, 29, '2025-07-24', NULL, NULL, 60),
(26, 25, '2025-01-23', NULL, NULL, 10),
(27, 16, '2025-07-01', NULL, NULL, 10),
(28, 25, '2025-07-28', NULL, NULL, 40),
(29, 26, '2025-04-01', NULL, NULL, 20),
(30, 30, '2025-03-26', NULL, NULL, 60),
(31, 16, '2025-06-30', NULL, NULL, 30),
(32, 16, '2025-04-08', NULL, NULL, 10),
(33, 27, '2025-04-07', NULL, NULL, 30),
(34, 30, '2025-03-08', NULL, NULL, 20),
(35, 26, '2025-02-19', NULL, NULL, 10),
(36, 31, '2025-01-26', NULL, NULL, 10),
(37, 26, '2025-04-12', NULL, NULL, 60),
(38, 29, '2025-05-25', NULL, NULL, 20),
(39, 30, '2024-12-22', NULL, NULL, 30),
(40, 16, '2025-03-16', NULL, NULL, 60),
(41, 16, '2025-06-01', NULL, NULL, 50),
(42, 16, '2025-01-25', NULL, NULL, 50),
(43, 27, '2025-06-06', NULL, NULL, 10),
(44, 29, '2025-06-07', NULL, NULL, 10),
(45, 16, '2025-01-08', NULL, NULL, 60),
(46, 29, '2025-01-06', NULL, NULL, 40),
(47, 26, '2025-03-13', NULL, NULL, 60),
(48, 25, '2025-04-01', NULL, NULL, 30),
(49, 26, '2025-05-04', NULL, NULL, 30),
(50, 26, '2025-01-22', NULL, NULL, 30),
(51, 25, '2025-03-17', NULL, NULL, 20),
(52, 27, '2025-06-02', NULL, NULL, 50),
(53, 29, '2025-02-02', NULL, NULL, 20),
(54, 28, '2025-05-31', NULL, NULL, 50),
(55, 25, '2024-12-28', NULL, NULL, 50),
(56, 16, '2025-05-18', NULL, NULL, 10),
(57, 26, '2025-06-07', NULL, NULL, 40),
(58, 28, '2025-03-09', NULL, NULL, 50),
(59, 25, '2025-04-16', NULL, NULL, 50),
(60, 26, '2025-05-20', NULL, NULL, 30),
(61, 28, '2025-02-15', NULL, NULL, 30),
(62, 31, '2025-01-12', NULL, NULL, 40),
(63, 28, '2025-05-13', NULL, NULL, 30),
(64, 27, '2025-02-19', NULL, NULL, 60),
(65, 25, '2025-06-05', NULL, NULL, 40),
(66, 29, '2025-05-09', NULL, NULL, 40),
(67, 25, '2025-02-07', NULL, NULL, 30),
(68, 31, '2025-03-02', NULL, NULL, 20),
(69, 31, '2025-03-03', NULL, NULL, 10),
(70, 27, '2025-05-20', NULL, NULL, 30),
(71, 30, '2025-06-08', NULL, NULL, 20),
(72, 16, '2025-05-07', NULL, NULL, 30),
(73, 25, '2025-04-05', NULL, NULL, 20),
(74, 27, '2025-02-21', NULL, NULL, 50),
(75, 27, '2025-05-10', NULL, NULL, 30),
(76, 27, '2024-12-31', NULL, NULL, 20),
(77, 31, '2025-04-04', NULL, NULL, 60),
(78, 30, '2025-05-10', NULL, NULL, 30),
(79, 26, '2024-12-21', NULL, NULL, 30),
(80, 28, '2025-02-25', NULL, NULL, 10),
(81, 28, '2025-01-21', NULL, NULL, 60),
(82, 27, '2025-02-01', NULL, NULL, 10),
(83, 26, '2025-01-05', NULL, NULL, 30),
(84, 25, '2025-04-05', NULL, NULL, 40),
(85, 28, '2025-02-27', NULL, NULL, 10),
(86, 30, '2025-06-01', NULL, NULL, 50),
(87, 16, '2025-03-13', NULL, NULL, 10),
(88, 28, '2025-05-14', NULL, NULL, 10),
(89, 28, '2025-05-14', NULL, NULL, 10),
(90, 29, '2025-02-08', NULL, NULL, 50),
(91, 30, '2025-01-30', NULL, NULL, 10),
(92, 25, '2025-02-01', NULL, NULL, 10),
(93, 25, '2025-02-22', NULL, NULL, 60),
(94, 26, '2025-05-15', NULL, NULL, 40),
(95, 28, '2025-02-26', NULL, NULL, 20),
(96, 27, '2025-02-01', NULL, NULL, 50),
(97, 31, '2025-06-10', NULL, NULL, 10),
(98, 25, '2025-06-12', NULL, NULL, 30),
(99, 27, '2025-01-07', NULL, NULL, 20),
(100, 31, '2024-12-31', NULL, NULL, 10),
(101, 28, '2025-02-10', NULL, NULL, 20),
(102, 27, '2025-05-17', NULL, NULL, 40),
(103, 31, '2025-05-16', NULL, NULL, 60),
(104, 29, '2025-03-17', NULL, NULL, 60),
(105, 29, '2025-02-23', NULL, NULL, 60),
(106, 16, '2025-01-20', NULL, NULL, 60),
(107, 29, '2025-04-11', NULL, NULL, 60),
(108, 28, '2025-04-09', NULL, NULL, 60),
(109, 28, '2025-01-10', NULL, NULL, 50),
(110, 16, '2025-01-22', NULL, NULL, 30),
(111, 29, '2025-05-24', NULL, NULL, 10),
(112, 26, '2024-12-26', NULL, NULL, 10),
(113, 26, '2024-12-21', NULL, NULL, 50),
(114, 31, '2025-01-22', NULL, NULL, 50),
(115, 31, '2025-05-04', NULL, NULL, 40),
(116, 29, '2025-01-18', NULL, NULL, 20),
(117, 27, '2025-01-18', NULL, NULL, 60),
(118, 16, '2025-06-20', NULL, NULL, 10),
(119, 28, '2025-07-29', NULL, NULL, 60),
(120, 29, '2025-07-30', NULL, NULL, 10),
(121, 16, '2025-07-30', NULL, NULL, 10),
(122, 16, '2025-10-12', NULL, NULL, 10),
(123, 16, '2025-12-04', '2025-12-04 15:48:45', 0, 50);

CREATE TABLE pedidoventa (
  idPedidoVenta int NOT NULL,
  idCliente int NOT NULL,
  fechaPedido datetime NOT NULL DEFAULT CURRENT_TIMESTAMP,
  estado int NOT NULL,
  observaciones varchar(255) DEFAULT NULL,
  total decimal(10,2) NOT NULL DEFAULT '0.00'
) ENGINE=InnoDB DEFAULT CHARSET=utf8mb4 COLLATE=utf8mb4_0900_ai_ci;

INSERT INTO pedidoventa (idPedidoVenta, idCliente, fechaPedido, estado, observaciones, total) VALUES
(6, 6, '2025-11-29 00:00:00', 90, '', 36000.00);

CREATE TABLE producto (
  idProducto int NOT NULL,
  nombre varchar(120) NOT NULL,
  categoriaProd int NOT NULL,
  unidad_medida varchar(10) NOT NULL,
  descripcion varchar(255) DEFAULT NULL,
  precio_venta decimal(10,2) NOT NULL DEFAULT '0.00',
  fecha_alta datetime NOT NULL DEFAULT CURRENT_TIMESTAMP,
  estado varchar(20) NOT NULL DEFAULT 'Activo'
) ENGINE=InnoDB DEFAULT CHARSET=utf8mb4 COLLATE=utf8mb4_0900_ai_ci;

INSERT INTO producto (idProducto, nombre, categoriaProd, unidad_medida, descripcion, precio_venta, fecha_alta, estado) VALUES
(1, 'Pan Lactal', 1, 'kg', NULL, 1500.00, '2025-11-13 14:50:18', 'Activo'),
(2, 'Medialunas', 1, 'docena', NULL, 1800.00, '2025-11-13 14:50:18', 'Activo'),
(3, 'Pan frances', 1, 'kg', NULL, 950.00, '2025-11-13 14:50:18', 'Activo'),
(4, 'Medialunas de grasa', 1, 'docena', NULL, 1700.00, '2025-11-13 14:50:18', 'Activo'),
(5, 'Bizcochos de grasa', 1, 'kg', NULL, 2500.00, '2025-11-14 16:15:27', 'Inactivo'),
(6, 'Torta de dulce de leche', 2, 'unid', NULL, 15000.00, '2025-11-14 16:36:34', 'Activo'),
(7, 'Torta galesa', 2, 'unid', NULL, 8500.00, '2025-11-16 16:21:34', 'Activo');

CREATE TABLE proveedor (
  id_proveedor int NOT NULL,
  nombre varchar(100) NOT NULL,
  email varchar(50) NOT NULL,
  telefono varchar(20) NOT NULL,
  calle varchar(100) NOT NULL,
  altura int NOT NULL,
  provincia int NOT NULL,
  localidad int NOT NULL,
  estado varchar(20) NOT NULL
) ENGINE=InnoDB DEFAULT CHARSET=utf8mb4 COLLATE=utf8mb4_0900_ai_ci;

INSERT INTO proveedor (id_proveedor, nombre, email, telefono, calle, altura, provincia, localidad, estado) VALUES
(16, 'La Serenisima', 'clientes@mastellone.com.ar', '0214-2336659', 'Galvez', 2635, 7, 485, 'Activo'),
(25, 'Sancor', 'clientes@sancor.com', '0233-36251477', 'Aguilar', 1234, 7, 551, 'Activo'),
(26, 'Molinos', 'clientes@molinos.com', '4322-3632', 'Almafuerte', 2563, 2, 150, 'Activo'),
(27, 'Levaduras La Masa', 'clientes@burbujeante.com', '0351-252332', 'Ocampo', 2531, 7, 552, 'Activo'),
(28, 'Azucar Dulce Vida', 'pedidos@azucardulcevita.com', '0259-525441', 'Dulcinea', 1981, 10, 1260, 'Activo'),
(29, 'Huevos El Gallinero', 'pedidos@superhuevos.com', '0341-256987', 'Turuleca', 263, 7, 542, 'Activo'),
(30, 'Semillas Selectas', 'clientes@semillasselectar.com.ar', '0243-939656', 'Entredientes', 462, 2, 208, 'Activo'),
(31, 'Mejorantes Panadero Plus', 'pedidos@mejorantes.com.ar', '0265-8587741', 'Falsa', 123, 8, 968, 'Activo'),
(33, 'Armonia', 'clientes@arminia.com.ar', '43236695', 'Falsa', 123, 1, 38, 'Activo'),
(34, 'Verduleria Don Pocho', 'donpocho@gmail.com', '4662-8521', 'Ocampo', 1625, 2, 192, 'Inactivo'),
(35, 'Cotillon Susanita', 'susi@gmail.com', '4662-8521', 'Levenshon', 1278, 2, 192, 'Activo');

CREATE TABLE provincias (
  id_provincia int NOT NULL,
  provincia varchar(255) NOT NULL
) ENGINE=InnoDB DEFAULT CHARSET=latin1;

INSERT INTO provincias (id_provincia, provincia) VALUES
(1, 'Buenos Aires'),
(2, 'Buenos Aires-GBA'),
(3, 'CABA'),
(4, 'Catamarca'),
(5, 'Chaco'),
(6, 'Chubut'),
(7, 'Córdoba'),
(8, 'Corrientes'),
(9, 'Entre Ríos'),
(10, 'Formosa'),
(11, 'Jujuy'),
(12, 'La Pampa'),
(13, 'La Rioja'),
(14, 'Mendoza'),
(15, 'Misiones'),
(16, 'Neuquén'),
(17, 'Río Negro'),
(18, 'Salta'),
(19, 'San Juan'),
(20, 'San Luis'),
(21, 'Santa Cruz'),
(22, 'Santa Fe'),
(23, 'Santiago del Estero'),
(24, 'Tierra del Fuego'),
(25, 'Tucumán');

CREATE TABLE puesto (
  idPuesto int NOT NULL,
  descrPuesto varchar(50) NOT NULL
) ENGINE=InnoDB DEFAULT CHARSET=utf8mb4 COLLATE=utf8mb4_0900_ai_ci;

INSERT INTO puesto (idPuesto, descrPuesto) VALUES
(1, 'Encargado de RRHH'),
(3, 'Maestro Panadero'),
(5, 'Operario'),
(7, 'Encargado de Producción'),
(9, 'Gerente');

CREATE TABLE roles (
  id_rol int NOT NULL,
  nombre_rol varchar(50) NOT NULL
) ENGINE=InnoDB DEFAULT CHARSET=utf8mb4 COLLATE=utf8mb4_0900_ai_ci;

INSERT INTO roles (id_rol, nombre_rol) VALUES
(1, 'Admin Usuarios'),
(2, 'Admin Produccion'),
(5, 'Admin RRHH'),
(8, 'Usuario'),
(9, 'Encargado de atención cliente');

CREATE TABLE solicitudes_turno (
  idSolicitud int NOT NULL,
  idAsignacion int NOT NULL,
  idEmpleado int NOT NULL,
  tipo enum('Rechazo','Cambio') NOT NULL DEFAULT 'Rechazo',
  motivo varchar(255) NOT NULL,
  estado enum('Pendiente','Aprobada','Rechazada') NOT NULL DEFAULT 'Pendiente',
  fechaSolicitud datetime NOT NULL DEFAULT CURRENT_TIMESTAMP,
  fechaRespuesta datetime DEFAULT NULL,
  usuarioRespuesta int DEFAULT NULL
) ENGINE=InnoDB DEFAULT CHARSET=utf8mb4 COLLATE=utf8mb4_0900_ai_ci;

INSERT INTO solicitudes_turno (idSolicitud, idAsignacion, idEmpleado, tipo, motivo, estado, fechaSolicitud, fechaRespuesta, usuarioRespuesta) VALUES
(1, 3, 11, 'Rechazo', 'Murio mi gatito', 'Aprobada', '2025-12-03 17:06:55', '2025-12-04 13:09:12', NULL),
(2, 8, 11, 'Rechazo', 'Murio mi perro', 'Aprobada', '2025-12-04 13:39:46', '2025-12-04 13:40:03', NULL);

CREATE TABLE tipos_licencia (
  id_tipo int NOT NULL,
  descripcion varchar(80) NOT NULL,
  activo tinyint(1) NOT NULL DEFAULT '1',
  impacta_banco_vacaciones tinyint(1) NOT NULL DEFAULT '1'
) ENGINE=InnoDB DEFAULT CHARSET=utf8mb4 COLLATE=utf8mb4_0900_ai_ci;

INSERT INTO tipos_licencia (id_tipo, descripcion, activo, impacta_banco_vacaciones) VALUES
(1, 'Vacaciones anuales', 1, 1),
(2, 'Enfermedad (inculpable) – corta duración', 1, 1),
(3, 'Enfermedad (inculpable) – prolongada', 1, 1),
(4, 'Accidente laboral (ART)', 1, 0),
(5, 'Maternidad', 1, 0),
(6, 'Paternidad / Nacimiento de hijo', 1, 0),
(7, 'Adopción', 1, 0),
(8, 'Matrimonio', 1, 1),
(9, 'Fallecimiento – familiar directo', 1, 0),
(10, 'Fallecimiento – familiar no directo', 1, 0),
(11, 'Exámenes (estudios)', 1, 0),
(12, 'Donación de sangre', 1, 0),
(13, 'Mudanza', 1, 0),
(14, 'Atención médica propia', 1, 0),
(15, 'Atención médica de familiar a cargo', 1, 0),
(16, 'Licencia especial (sin goce)', 1, 0),
(17, 'Otros', 1, 0);

CREATE TABLE turnoslaborales (
  idTurno int NOT NULL,
  nombre varchar(50) NOT NULL,
  horaDesde time NOT NULL,
  horaHasta time NOT NULL,
  descripcion varchar(255) DEFAULT NULL,
  estado enum('Activo','Inactivo') NOT NULL DEFAULT 'Activo'
) ENGINE=InnoDB DEFAULT CHARSET=utf8mb4 COLLATE=utf8mb4_0900_ai_ci;

INSERT INTO turnoslaborales (idTurno, nombre, horaDesde, horaHasta, descripcion, estado) VALUES
(1, 'Mañana', '06:00:00', '14:00:00', 'Turno mañana', 'Activo'),
(2, 'Tarde', '14:00:00', '22:00:00', 'Turno tarde', 'Activo'),
(3, 'Noche', '22:00:00', '06:00:00', 'Turno noche', 'Activo');

CREATE TABLE usuarios (
  id int NOT NULL,
  usuario varchar(50) NOT NULL,
  contrasena varchar(255) NOT NULL,
  fecha_creacion datetime NOT NULL DEFAULT CURRENT_TIMESTAMP,
  nomyapellido varchar(100) CHARACTER SET utf8mb4 COLLATE utf8mb4_0900_ai_ci NOT NULL,
  estado enum('Activo','Inactivo') NOT NULL DEFAULT 'Activo',
  eliminado tinyint(1) NOT NULL DEFAULT '0',
  fecha_baja datetime DEFAULT NULL,
  rol int DEFAULT NULL
) ENGINE=InnoDB DEFAULT CHARSET=utf8mb4 COLLATE=utf8mb4_0900_ai_ci;

INSERT INTO usuarios (id, usuario, contrasena, fecha_creacion, nomyapellido, estado, eliminado, fecha_baja, rol) VALUES
(4, 'diego', '25d55ad283aa400af464c76d713c07ad', '2025-04-26 10:09:30', 'Diego Baldomir', 'Activo', 0, NULL, 1),
(5, 'adri', '25d55ad283aa400af464c76d713c07ad', '2025-05-11 18:44:08', 'Adrian Paldaof', 'Activo', 0, NULL, 2),
(24, 'admin', '25d55ad283aa400af464c76d713c07ad', '2025-07-30 17:26:59', 'Carlos Admin', 'Activo', 0, NULL, 1),
(25, 'Juan', '25d55ad283aa400af464c76d713c07ad', '2025-09-11 09:16:00', 'Juan Perez', 'Activo', 0, NULL, 9),
(26, 'Facundo', '25d55ad283aa400af464c76d713c07ad', '2025-09-11 13:17:45', 'Facundo Baldomir', 'Activo', 0, NULL, 5),
(27, 'lucas', '25d55ad283aa400af464c76d713c07ad', '2025-09-12 15:38:29', 'Lucas Lopez', 'Activo', 0, NULL, 8),
(28, 'mlopez', '25d55ad283aa400af464c76d713c07ad', '2025-10-09 14:02:04', 'Maria Lopez', 'Activo', 0, NULL, 8);

CREATE TABLE vacaciones_config (
  id int NOT NULL,
  antiguedad_desde int NOT NULL,
  antiguedad_hasta int DEFAULT NULL,
  dias int NOT NULL
) ENGINE=MyISAM DEFAULT CHARSET=utf8mb4 COLLATE=utf8mb4_0900_ai_ci;

INSERT INTO vacaciones_config (id, antiguedad_desde, antiguedad_hasta, dias) VALUES
(1, 0, 4, 14),
(2, 5, 9, 21),
(3, 10, 19, 28),
(4, 20, NULL, 35);


ALTER TABLE asignacionturnos
  ADD PRIMARY KEY (idAsignacion),
  ADD UNIQUE KEY uniq_empleado_turno_fecha (idEmpleado,idTurno,fecha),
  ADD KEY idx_fecha_turno (fecha,idTurno);

ALTER TABLE categoriamp
  ADD PRIMARY KEY (idCatMP);

ALTER TABLE categoriaprod
  ADD PRIMARY KEY (idCatProd);

ALTER TABLE clientes
  ADD PRIMARY KEY (id_cliente),
  ADD KEY fk_cliente_provincia (provincia),
  ADD KEY fk_cliente_localidad (localidad),
  ADD KEY idx_clientes_busqueda (nombre,email,telefono);

ALTER TABLE detallepedido
  ADD PRIMARY KEY (idDetallePedido),
  ADD KEY fk_detallepedido_materiaprima (idMP),
  ADD KEY fk_detallepedido_pedido (idPedido);

ALTER TABLE detallepedidoventa
  ADD PRIMARY KEY (idDetallePedidoVenta),
  ADD KEY fk_detalle_pedidoventa_pedido (idPedidoVenta),
  ADD KEY fk_detalle_pedidoventa_producto (idProducto);

ALTER TABLE detalleproducto
  ADD PRIMARY KEY (idDetalleProducto),
  ADD KEY fk_dp_producto (idProducto),
  ADD KEY fk_dp_mp (idMP);

ALTER TABLE detalle_licencia
  ADD PRIMARY KEY (id_detalle),
  ADD KEY idx_detalle_licencia (id_licencia),
  ADD KEY idx_detalle_rango (fecha_inicio,fecha_fin);

ALTER TABLE empleados
  ADD PRIMARY KEY (id_empleado),
  ADD UNIQUE KEY dni (dni),
  ADD UNIQUE KEY uq_empleado_usuario (usuario_id),
  ADD UNIQUE KEY uq_empleados_cuil (cuil),
  ADD UNIQUE KEY uq_empleados_legajo (legajo),
  ADD UNIQUE KEY uq_empleados_usuario (usuario_id),
  ADD KEY idx_emp_nombre_apellido (apellido,nombre),
  ADD KEY idx_empleados_prov (provincia),
  ADD KEY idx_empleados_loc (localidad),
  ADD KEY idx_empleados_eliminado (eliminado),
  ADD KEY idx_empleados_fecha_baja (fecha_baja),
  ADD KEY idx_empleados_puesto (id_puesto),
  ADD KEY idx_empleados_id_estado_civil (id_estado_civil);

ALTER TABLE estadospedidos
  ADD PRIMARY KEY (codEstado);

ALTER TABLE estados_licencia
  ADD PRIMARY KEY (id_estado),
  ADD UNIQUE KEY uq_estados_licencia_nombre (nombre);

ALTER TABLE estado_civil
  ADD PRIMARY KEY (id_estado_civil),
  ADD UNIQUE KEY descripcion (descripcion);

ALTER TABLE licencia
  ADD PRIMARY KEY (id_licencia),
  ADD KEY idx_licencia_emp_estado (id_empleado,id_estado),
  ADD KEY idx_licencia_tipo (id_tipo),
  ADD KEY fk_licencia_estado (id_estado);

ALTER TABLE licencia_cambios
  ADD PRIMARY KEY (id_cambio),
  ADD KEY id_licencia (id_licencia);

ALTER TABLE licencia_politicas_global
  ADD PRIMARY KEY (id_tipo);

ALTER TABLE localidades
  ADD PRIMARY KEY (id_localidad),
  ADD KEY fk_provincia_localidad (id_provincia);

ALTER TABLE materiaprima
  ADD PRIMARY KEY (id),
  ADD UNIQUE KEY uq_mp_nombre_lote (nombre,lote),
  ADD KEY fk_materia_proveedor (proveedor),
  ADD KEY fk_categoriaMP (categoriaMP),
  ADD KEY idx_mp_perecedero_vto (es_perecedero,fecha_vencimiento);

ALTER TABLE pedidomp
  ADD PRIMARY KEY (idPedido),
  ADD KEY fk_pedidomp_proveedor (idProveedor),
  ADD KEY fk_estado_pedido (Estado);

ALTER TABLE pedidoventa
  ADD PRIMARY KEY (idPedidoVenta),
  ADD KEY fk_pedidoventa_cliente (idCliente),
  ADD KEY fk_pedidoventa_estado (estado);

ALTER TABLE producto
  ADD PRIMARY KEY (idProducto),
  ADD UNIQUE KEY uq_producto_nombre (nombre),
  ADD UNIQUE KEY ux_producto_nombre (nombre),
  ADD KEY fk_producto_cat (categoriaProd);

ALTER TABLE proveedor
  ADD PRIMARY KEY (id_proveedor),
  ADD KEY fk_proveedor_provincia (provincia),
  ADD KEY fk_proveedor_localidad (localidad);

ALTER TABLE provincias
  ADD PRIMARY KEY (id_provincia);

ALTER TABLE puesto
  ADD PRIMARY KEY (idPuesto);

ALTER TABLE roles
  ADD PRIMARY KEY (id_rol);

ALTER TABLE solicitudes_turno
  ADD PRIMARY KEY (idSolicitud),
  ADD KEY idx_asignacion (idAsignacion),
  ADD KEY idx_empleado (idEmpleado);

ALTER TABLE tipos_licencia
  ADD PRIMARY KEY (id_tipo),
  ADD UNIQUE KEY uq_tipos_licencia_desc (descripcion);

ALTER TABLE turnoslaborales
  ADD PRIMARY KEY (idTurno);

ALTER TABLE usuarios
  ADD PRIMARY KEY (id),
  ADD UNIQUE KEY usuario (usuario),
  ADD KEY fk_rol_usuarios (rol),
  ADD KEY idx_usuarios_fecha_creacion (fecha_creacion),
  ADD KEY idx_usuarios_fecha_baja (fecha_baja);

ALTER TABLE vacaciones_config
  ADD PRIMARY KEY (id);


ALTER TABLE asignacionturnos
  MODIFY idAsignacion int NOT NULL AUTO_INCREMENT;

ALTER TABLE categoriamp
  MODIFY idCatMP int NOT NULL AUTO_INCREMENT;

ALTER TABLE categoriaprod
  MODIFY idCatProd int NOT NULL AUTO_INCREMENT;

ALTER TABLE clientes
  MODIFY id_cliente int NOT NULL AUTO_INCREMENT;

ALTER TABLE detallepedido
  MODIFY idDetallePedido int NOT NULL AUTO_INCREMENT;

ALTER TABLE detallepedidoventa
  MODIFY idDetallePedidoVenta int NOT NULL AUTO_INCREMENT;

ALTER TABLE detalleproducto
  MODIFY idDetalleProducto int NOT NULL AUTO_INCREMENT;

ALTER TABLE detalle_licencia
  MODIFY id_detalle int NOT NULL AUTO_INCREMENT;

ALTER TABLE empleados
  MODIFY id_empleado int NOT NULL AUTO_INCREMENT;

ALTER TABLE estados_licencia
  MODIFY id_estado int NOT NULL AUTO_INCREMENT;

ALTER TABLE estado_civil
  MODIFY id_estado_civil int NOT NULL AUTO_INCREMENT;

ALTER TABLE licencia
  MODIFY id_licencia int NOT NULL AUTO_INCREMENT;

ALTER TABLE licencia_cambios
  MODIFY id_cambio int NOT NULL AUTO_INCREMENT;

ALTER TABLE localidades
  MODIFY id_localidad int NOT NULL AUTO_INCREMENT;

ALTER TABLE materiaprima
  MODIFY id int NOT NULL AUTO_INCREMENT;

ALTER TABLE pedidomp
  MODIFY idPedido int NOT NULL AUTO_INCREMENT;

ALTER TABLE pedidoventa
  MODIFY idPedidoVenta int NOT NULL AUTO_INCREMENT;

ALTER TABLE producto
  MODIFY idProducto int NOT NULL AUTO_INCREMENT;

ALTER TABLE proveedor
  MODIFY id_proveedor int NOT NULL AUTO_INCREMENT;

ALTER TABLE provincias
  MODIFY id_provincia int NOT NULL AUTO_INCREMENT;

ALTER TABLE puesto
  MODIFY idPuesto int NOT NULL AUTO_INCREMENT;

ALTER TABLE roles
  MODIFY id_rol int NOT NULL AUTO_INCREMENT;

ALTER TABLE solicitudes_turno
  MODIFY idSolicitud int NOT NULL AUTO_INCREMENT;

ALTER TABLE tipos_licencia
  MODIFY id_tipo int NOT NULL AUTO_INCREMENT;

ALTER TABLE turnoslaborales
  MODIFY idTurno int NOT NULL AUTO_INCREMENT;

ALTER TABLE usuarios
  MODIFY id int NOT NULL AUTO_INCREMENT;

ALTER TABLE vacaciones_config
  MODIFY id int NOT NULL AUTO_INCREMENT;


ALTER TABLE detallepedido
  ADD CONSTRAINT fk_detallepedido_materiaprima FOREIGN KEY (idMP) REFERENCES materiaprima (id),
  ADD CONSTRAINT fk_detallepedido_pedido FOREIGN KEY (idPedido) REFERENCES pedidomp (idPedido);

ALTER TABLE detalleproducto
  ADD CONSTRAINT fk_dp_mp FOREIGN KEY (idMP) REFERENCES materiaprima (id) ON UPDATE RESTRICT,
  ADD CONSTRAINT fk_dp_producto FOREIGN KEY (idProducto) REFERENCES producto (idProducto) ON DELETE CASCADE;

ALTER TABLE detalle_licencia
  ADD CONSTRAINT fk_detalle_licencia FOREIGN KEY (id_licencia) REFERENCES licencia (id_licencia) ON DELETE CASCADE;

ALTER TABLE empleados
  ADD CONSTRAINT fk_empleado_usuario FOREIGN KEY (usuario_id) REFERENCES usuarios (id),
  ADD CONSTRAINT fk_empleados_estado_civil FOREIGN KEY (id_estado_civil) REFERENCES estado_civil (id_estado_civil),
  ADD CONSTRAINT fk_empleados_id_puesto FOREIGN KEY (id_puesto) REFERENCES puesto (idPuesto) ON DELETE RESTRICT ON UPDATE CASCADE,
  ADD CONSTRAINT fk_empleados_usuarios FOREIGN KEY (usuario_id) REFERENCES usuarios (id);

ALTER TABLE licencia
  ADD CONSTRAINT fk_licencia_empleado FOREIGN KEY (id_empleado) REFERENCES empleados (id_empleado),
  ADD CONSTRAINT fk_licencia_estado FOREIGN KEY (id_estado) REFERENCES estados_licencia (id_estado),
  ADD CONSTRAINT fk_licencia_tipo FOREIGN KEY (id_tipo) REFERENCES tipos_licencia (id_tipo);

ALTER TABLE localidades
  ADD CONSTRAINT fk_provincia_localidad FOREIGN KEY (id_provincia) REFERENCES provincias (id_provincia);

ALTER TABLE materiaprima
  ADD CONSTRAINT fk_categoriaMP FOREIGN KEY (categoriaMP) REFERENCES categoriamp (idCatMP),
  ADD CONSTRAINT fk_materia_proveedor FOREIGN KEY (proveedor) REFERENCES proveedor (id_proveedor);

ALTER TABLE pedidomp
  ADD CONSTRAINT fk_estado_pedido FOREIGN KEY (Estado) REFERENCES estadospedidos (codEstado),
  ADD CONSTRAINT fk_pedidomp_proveedor FOREIGN KEY (idProveedor) REFERENCES proveedor (id_proveedor);

ALTER TABLE producto
  ADD CONSTRAINT fk_producto_cat FOREIGN KEY (categoriaProd) REFERENCES categoriaprod (idCatProd);

ALTER TABLE proveedor
  ADD CONSTRAINT fk_proveedor_localidad FOREIGN KEY (localidad) REFERENCES localidades (id_localidad),
  ADD CONSTRAINT fk_proveedor_provincia FOREIGN KEY (provincia) REFERENCES provincias (id_provincia);

ALTER TABLE solicitudes_turno
  ADD CONSTRAINT fk_solicitud_asignacion FOREIGN KEY (idAsignacion) REFERENCES asignacionturnos (idAsignacion),
  ADD CONSTRAINT fk_solicitud_empleado FOREIGN KEY (idEmpleado) REFERENCES empleados (id_empleado);

ALTER TABLE usuarios
  ADD CONSTRAINT fk_rol_usuarios FOREIGN KEY (rol) REFERENCES roles (id_rol);

/*!40101 SET CHARACTER_SET_CLIENT=@OLD_CHARACTER_SET_CLIENT */;
/*!40101 SET CHARACTER_SET_RESULTS=@OLD_CHARACTER_SET_RESULTS */;
/*!40101 SET COLLATION_CONNECTION=@OLD_COLLATION_CONNECTION */;
